"lat","long","lat_deg","lat_min","lat_sec","lat_N_S","long_deg","long_min","long_sec","long_W_E","tow","sample_depth_min","sample_depth_max","sample_type","buckley_sea_depth","NOAA_sea_depth","Diff_Buckley_NOAA","Ocean","OBD_IRN","acostaensis","adamsi","altispira","anfracta","bollii","bulloides","calida","conglobatus","conglomerata","crassaformis","dehiscens","decoraperta","digitata","dutertrei","falconensis","fohsi","glomerosa","glutinata","hexagona","hirsuta","humerosa","humilis","inflata","iota","insueta","mayeri","menardii","minuta","mitra","multicamerata","nepenthes","nitida","obliquiloculata","obliquus","pachyderma","pelagica","praepumilio","primalis","pseudofoliata","pumilio","punctulata","quinqueloba","ruber","rubescens","sacculifera","scitula","seminulina","siphonifera","spectabilis","subdehiscens","tenellus","tosaensis","trilobus","truncatulinoides","tumida","universa","uvula","venezuelana","various","ssp_richness","total_idind","total_ind"
-9.88333,-110.68333,9,53,0,"S",110,41,0,"W",0,"5","9","top_core","2770",-2712,58,"Pacific ocean",16654,0,0,0,0,0,0,3,4,6,0,4,0,0,3,0,0,0,11,6,0,0,7,0,0,0,0,8,0,0,0,0,0,6,0,0,0,0,0,0,0,0,0,2,8,17,0,0,7,0,0,5,0,0,0,6,6,0,0,0,17,109,109
-21.25,-14.03333,21,15,0,"S",14,2,0,"W",0,"no_info","no_info","no_info","3639",-3740,-101,"Atlantic ocean",34991,0,0,0,0,0,0,6,70,0,0,6,0,4,4,9,0,0,15,0,0,0,10,9,0,0,0,33,0,0,0,0,8,4,0,0,9,0,0,0,3,0,0,97,5,14,0,0,11,0,0,7,0,0,4,8,5,0,0,5,22,341,346
-13.09167,-124.28,13,5,30,"S",124,16,48,"W",0,"4","8","top_core","3850",-3456,394,"Pacific ocean",16640,0,0,0,0,0,0,0,5,7,0,0,0,0,10,0,0,0,0,0,0,0,0,0,0,0,0,7,0,0,0,0,0,10,0,0,0,0,0,0,0,0,0,8,0,14,0,0,9,0,0,0,0,0,0,13,0,0,0,0,9,83,83
-14.27333,-120.68,14,16,24,"S",120,40,48,"W",0,"4","8","top_core","3590",-3617,-27,"Pacific ocean",16641,0,0,0,0,0,0,9,5,10,0,0,0,3,3,0,0,0,7,3,0,0,15,0,8,0,0,0,0,0,0,0,0,8,0,0,0,0,0,0,0,0,0,8,14,16,3,0,7,0,0,8,0,0,0,0,0,0,0,12,16,127,139
5.43333,-131.31667,5,26,0,"N",131,19,0,"W",0,"7","10","top_core","4155",-3415,740,"Pacific ocean",16645,0,0,0,0,0,0,2,10,6,8,8,0,0,8,0,0,0,0,5,0,0,0,0,0,0,0,14,0,0,0,0,0,11,0,0,0,0,0,0,0,0,0,15,0,0,1,0,10,0,0,0,0,0,4,17,3,0,0,23,15,122,145
-18.33333,-79.34167,18,20,0,"S",79,20,30,"W",0,"8","12","top_core","3090",-3157,-67,"Pacific ocean",16650,0,0,0,0,0,15,0,2,7,5,4,0,0,12,0,0,0,0,7,12,0,0,13,8,0,0,0,0,0,0,0,0,4,0,0,0,0,0,0,0,0,0,6,0,14,7,0,5,0,0,0,0,0,0,0,0,0,0,10,15,121,131
-14.73333,-112.1,14,44,0,"S",112,6,0,"W",0,"12","15","top_core","3120",-3034,86,"Pacific ocean",16653,0,0,0,0,0,0,10,7,8,2,5,0,0,10,0,0,0,17,11,0,0,15,0,0,0,0,16,0,0,0,0,0,8,0,0,0,0,0,0,0,0,0,18,16,17,20,0,6,0,0,6,0,0,0,0,0,0,0,18,17,192,210
-16.41667,66.03333,16,25,0,"S",66,2,0,"E",0,"4","9","top_core","3658",-2810,848,"Indian ocean",16657,0,0,0,0,0,0,0,9,7,0,7,0,0,11,0,0,0,19,4,0,0,16,0,0,0,0,16,0,0,0,0,4,6,0,0,0,0,0,0,0,0,0,9,13,15,4,0,11,0,0,9,0,0,7,4,0,0,0,0,18,171,171
7.19333,63.0425,7,11,36,"N",63,2,33,"E",0,"core = 8","core = 8","many_cores","4042",-4346,-304,"Indian ocean",30724,0,1,0,0,0,0,0,11,4,8,7,0,6,9,0,0,0,6,6,0,0,10,0,0,0,0,5,0,0,0,0,2,8,0,13,0,0,0,0,0,0,0,15,6,9,0,0,9,0,0,6,0,0,6,9,4,0,0,20,22,160,180
-23.60833,-118.225,23,36,30,"S",118,13,30,"W",0,"7","11","top_core","",-3362,NA,"Pacific ocean",16656,0,1,0,0,0,14,0,18,5,36,2,0,7,0,0,0,0,7,3,0,0,17,0,0,0,0,0,0,0,0,0,15,0,0,0,5,0,0,0,0,0,0,11,4,15,16,0,12,0,0,19,0,0,9,0,0,0,0,9,19,216,225
-19.56667,64.63333,19,34,0,"S",64,38,0,"E",0,"no_info","no_info","no_info","2869",-2708,161,"Indian ocean",34671,0,0,0,0,0,0,7,9,0,1,9,0,3,7,0,0,0,16,0,0,0,3,0,0,0,0,13,0,0,0,0,3,10,0,2,5,0,0,0,0,0,0,14,11,9,0,0,10,0,0,10,0,0,8,9,0,0,0,12,20,159,171
-12.11667,64.125,12,7,0,"S",64,7,30,"E",0,"no_info","no_info","no_info","3919",-3322,597,"Indian ocean",37190,0,1,0,0,0,0,5,15,8,0,15,0,3,8,0,0,0,15,7,0,0,0,0,0,0,0,15,0,0,0,0,0,11,0,3,0,0,0,0,0,0,0,8,0,14,3,0,10,0,0,0,0,0,0,11,0,0,0,6,17,152,158
7.08333,73.80417,7,5,0,"N",73,48,15,"E",0,"no_info","no_info","no_info","2749",-2658,91,"Indian ocean near coast",35238,0,1,0,0,0,0,5,8,8,0,13,0,3,9,0,0,0,12,3,0,0,0,0,0,0,0,20,0,0,0,0,1,7,0,3,0,0,0,0,0,0,0,10,9,11,9,0,8,0,0,6,0,0,0,1,0,0,0,21,20,147,168
-2.70167,67.38333,2,42,6,"S",67,23,0,"E",0,"no_info","no_info","no_info","3475",-3594,-119,"Indian ocean",37149,0,0,0,0,0,0,6,15,9,3,25,0,3,16,0,0,0,6,14,0,0,0,0,0,0,0,20,0,0,0,0,0,13,0,5,0,0,0,0,0,0,0,14,0,48,9,0,10,0,0,0,0,0,0,12,0,0,0,10,17,228,238
-7.59167,61.48333,7,35,30,"S",61,29,0,"E",0,"no_info","no_info","no_info","3758",-3507,251,"Indian ocean",37148,0,0,0,0,0,0,3,8,13,0,10,0,0,22,0,0,0,18,10,0,0,0,0,0,0,0,19,0,0,0,0,0,14,0,6,0,0,0,0,0,0,0,5,0,21,4,0,11,0,0,0,0,0,2,11,2,0,10,15,18,189,204
-8.41667,65.63333,8,25,0,"S",65,38,0,"E",0,"no_info","no_info","no_info","4082",-3694,388,"Indian ocean",37130,0,0,0,0,0,0,4,13,9,2,17,0,0,14,0,0,0,0,3,0,0,0,0,0,0,0,20,0,0,0,0,0,11,0,0,0,0,0,0,0,0,0,2,0,17,2,0,10,0,0,0,0,0,0,0,0,0,0,0,13,124,124
-23.23472,56.30417,23,14,5,"S",56,18,15,"E",0,"no_info","no_info","no_info","4510",-4646,-136,"Indian ocean",34676,0,0,0,0,0,0,0,12,0,0,5,0,3,9,0,0,0,0,0,1,0,15,15,0,0,0,17,0,0,0,0,0,5,0,2,0,0,0,0,0,0,0,9,0,5,0,0,4,0,0,0,0,0,14,16,0,0,0,4,15,132,136
-29.93333,54.1,29,56,0,"S",54,6,0,"E",0,"no_info","no_info","no_info","4228",-4211,17,"Indian ocean",34678,0,0,0,0,0,5,0,9,0,0,9,0,6,2,0,0,0,0,0,20,0,0,21,0,0,0,5,0,0,0,0,0,0,0,11,0,0,0,0,0,0,0,11,0,9,6,0,8,0,0,0,0,0,15,0,0,0,0,0,14,137,137
-24.89167,110.39167,24,53,30,"S",110,23,30,"E",0,"no_info","no_info","no_info","3758",-3829,-71,"Indian ocean near coast",36057,0,0,0,0,0,0,0,12,0,0,6,0,2,21,0,0,0,18,0,0,0,0,12,0,0,0,69,0,0,0,0,1,18,0,1,0,0,0,0,0,0,0,18,0,30,7,0,7,0,0,0,0,0,34,0,0,0,0,47,15,256,303
-26.93667,111.18167,26,56,12,"S",111,10,54,"E",0,"no_info","no_info","no_info","3676",-3350,326,"Indian ocean near coast",36053,0,0,0,0,0,0,18,9,0,0,12,0,1,23,0,0,0,27,1,0,0,0,15,0,0,0,66,0,0,0,0,0,13,0,0,0,0,0,0,0,0,0,23,0,34,18,0,10,0,0,1,0,0,31,0,0,0,0,11,16,302,313
-28.00833,112.45833,28,0,30,"S",112,27,30,"E",0,"no_info","no_info","no_info","1443",-1206,237,"Indian ocean near coast",36043,0,0,0,0,0,0,11,8,7,7,6,0,0,28,0,0,0,0,0,12,0,0,28,0,0,0,86,0,0,0,0,0,3,0,0,0,0,0,0,0,0,0,24,0,19,0,0,12,0,0,0,0,0,23,0,0,0,0,23,14,274,297
25.86667,-19.36667,25,52,0,"N",19,22,0,"W",0,"no_info","no_info","no_info","3557",-3668,-111,"Atlantic ocean",33061,0,0,0,0,0,0,0,0,0,0,0,0,0,0,0,0,0,0,0,0,0,0,0,0,0,0,0,0,0,0,0,0,0,0,0,0,0,0,0,0,0,0,0,0,0,0,0,0,0,0,0,0,0,0,0,0,0,0,81,0,0,81
28.05417,-17.45,28,3,15,"N",17,27,0,"W",0,"no_info","no_info","no_info","1134",-2167,-1033,"Atlantic ocean",32864,0,0,0,0,0,0,0,0,0,0,0,0,0,0,0,0,0,0,0,0,0,0,0,0,0,0,0,0,0,0,0,0,0,0,0,0,0,0,0,0,0,0,0,0,0,0,0,0,0,0,0,0,0,0,0,0,0,0,52,0,0,52
25.75,-20.23333,25,45,0,"N",20,14,0,"W",0,"no_info","no_info","no_info","2789",-3233,-444,"Atlantic ocean",33173,0,0,0,0,0,0,0,0,0,0,0,0,0,0,0,0,0,0,0,0,0,0,0,0,0,0,0,0,0,0,0,0,0,0,0,0,0,0,0,0,0,0,0,0,0,0,0,0,0,0,0,0,0,0,0,0,0,0,29,0,0,29
24.33333,-24.46667,24,20,0,"N",24,28,0,"W",0,"no_info","no_info","no_info","5011",-5153,-142,"Atlantic ocean",33286,0,0,0,0,0,0,0,0,0,6,0,0,0,0,0,0,0,0,0,0,0,10,0,0,0,0,49,0,0,0,0,0,0,0,0,0,0,0,0,0,0,0,0,0,0,0,0,0,0,0,0,0,0,0,0,0,0,0,0,3,65,65
20.44222,68.84028,20,36,32,"N",68,50,25,"E",0,"no_info","no_info","no_info","2140",-2680,-540,"Indian ocean/Arabian sea",35818,0,1,0,0,0,13,0,6,1,0,1,0,0,13,5,0,0,0,0,0,0,0,0,0,0,0,15,0,0,0,0,0,10,0,0,0,0,0,0,0,0,0,0,0,20,0,0,7,0,0,0,0,0,0,0,0,0,0,3,11,92,95
-0.7,147,0,42,0,"S",147,0,0,"E",0,"no_info","no_info","no_info","2012",-2213,-201,"Pacific ocean",33668,0,0,0,0,0,0,0,14,3,0,1,0,0,13,0,0,0,22,0,0,0,2,0,0,0,0,18,0,0,0,0,0,18,0,0,0,0,0,0,0,0,0,11,8,23,0,0,8,0,0,0,0,0,0,9,0,0,0,15,13,150,165
-9.68333,-174.625,9,41,0,"S",174,37,30,"W",0,"no_info","no_info","no_info","4188",-4057,131,"Pacific ocean",36515,0,0,0,0,0,0,0,13,3,2,11,0,0,10,0,0,0,15,0,0,0,0,0,0,0,0,13,0,0,0,0,0,0,0,0,0,0,0,0,0,0,0,12,0,30,0,0,11,0,0,0,0,0,0,14,0,0,0,3,11,134,137
1.21333,-161.83667,1,12,48,"N",161,50,12,"W",0,"no_info","no_info","no_info","4243",-4634,-391,"Pacific ocean",36683,0,0,0,0,0,0,0,3,11,1,4,0,0,9,0,0,0,0,0,0,0,0,0,0,0,0,5,0,0,0,0,0,12,0,0,0,0,0,0,0,0,0,2,0,12,0,0,10,0,0,0,0,0,2,18,0,0,0,0,12,89,89
-10.21472,178.01444,10,12,53,"S",178,0,52,"E",0,"no_info","no_info","no_info","4965",-4844,121,"Pacific ocean",36361,0,0,0,0,0,0,0,17,5,6,7,0,0,16,0,0,0,26,0,0,0,0,0,0,0,0,17,0,0,0,0,3,18,0,0,0,0,0,0,0,13,0,18,6,30,0,0,25,0,0,6,0,0,2,11,0,0,0,9,17,226,235
-13.17167,-175.68833,13,10,18,"S",175,41,18,"W",0,"no_info","no_info","no_info","4071",-3952,119,"Pacific ocean",36704,0,0,0,0,0,0,0,14,1,0,3,0,0,15,0,0,0,26,0,0,0,0,0,0,0,0,17,0,0,0,0,3,17,0,0,0,0,0,0,0,12,0,23,15,21,0,0,23,0,0,14,0,0,0,13,0,0,0,5,15,217,222
-15.65,-179.0625,15,39,0,"S",179,3,45,"W",0,"no_info","no_info","no_info","2579",-2519,60,"Pacific ocean",34993,0,0,0,0,0,0,0,18,0,0,1,0,0,19,0,0,0,35,0,0,0,0,0,0,0,0,24,0,0,0,0,5,10,0,0,0,0,0,0,0,0,0,30,9,31,0,0,20,0,0,21,0,0,2,12,0,0,0,26,14,237,263
3.86667,65.51667,3,52,0,"N",65,31,0,"E",0,"core = 3","core = 3","many_cores","3910",-3663,247,"Indian ocean",17338,0,0,0,0,0,28,0,20,25,0,6,0,0,22,0,0,0,26,3,0,0,0,0,0,0,0,31,0,0,0,0,0,23,0,16,0,0,0,0,0,26,0,29,5,27,8,0,24,0,0,4,0,0,5,26,0,0,0,2,19,354,356
21.2,-45.35,21,12,0,"N",45,21,0,"W",0,"core = 3","core = 3","many_cores","3000",-3182,-182,"Atlantic ocean",17348,0,0,0,0,0,14,0,71,0,0,83,0,0,58,0,0,0,67,0,0,0,0,0,0,0,0,115,0,0,0,0,32,33,0,0,0,0,0,0,0,47,0,101,0,83,0,0,52,0,0,56,0,0,82,4,0,0,0,156,15,898,1054
-9.75,-34.4,9,45,0,"S",34,24,0,"W",0,"core = 3","core = 3","many_cores","3380",-4123,-743,"Atlantic ocean near Brazil",17359,0,0,40,0,0,14,0,35,0,0,7,0,5,6,0,0,0,19,0,16,0,0,0,0,0,0,77,0,0,0,0,35,7,0,0,0,0,0,0,0,10,0,33,18,47,0,0,40,0,0,11,0,0,17,13,5,0,18,161,21,473,634
21.11667,-72.85,21,7,0,"N",72,51,0,"W",0,"core = 3","core = 3","many_cores","2470",-2910,-440,"Atlantic ocean near islands",17163,0,0,25,0,0,25,0,35,0,21,50,0,1,34,0,0,0,15,0,23,0,0,0,0,0,0,30,0,0,0,9,23,25,0,0,0,0,0,0,0,0,0,64,0,61,0,0,54,0,0,14,0,0,23,0,3,0,0,75,19,535,610
-15.21833,-117.50667,15,13,6,"S",117,30,24,"W",0,"1","4","top_core","3550",-3641,-91,"Pacific ocean",16642,0,0,0,0,0,0,0,6,7,4,0,0,0,0,0,0,0,9,0,0,0,9,0,0,0,0,0,0,0,0,0,0,6,0,0,0,0,0,0,6,0,0,4,0,11,0,0,6,0,0,0,0,0,0,9,0,0,0,0,11,77,77
-27.15,-109.83333,27,9,0,"S",109,50,0,"W",0,"10","14","top_core","3320",-2819,501,"Pacific ocean",16652,0,0,0,0,0,0,0,20,0,17,0,0,4,0,3,0,0,13,3,0,0,6,0,5,0,0,0,0,0,0,0,10,0,0,0,0,0,0,0,0,0,5,12,10,13,0,0,8,0,0,15,0,0,8,1,0,0,0,0,17,153,153
-20.95,-175.23333,20,57,0,"S",175,14,0,"W",0,"no_info","no_info","no_info","869",-124,745,"Pacific ocean near Tonga island",17273,0,1,0,0,0,0,0,15,0,9,0,0,4,3,2,0,0,13,0,0,0,0,0,0,0,0,0,0,0,0,0,5,0,0,0,0,0,0,0,0,0,0,13,6,10,2,0,8,0,0,11,0,0,2,3,3,0,0,17,17,110,127
-7.6,5.41667,7,36,0,"S",5,25,0,"E",1,"tow","tow","tow","",-5067,NA,"Atlantic ocean",18575,0,0,0,0,0,0,0,0,0,0,0,0,0,0,0,0,0,0,0,0,0,0,0,0,0,0,4,0,0,0,0,0,0,0,0,0,0,0,0,0,0,0,0,0,0,0,0,0,0,0,0,0,0,0,5,0,0,0,0,2,9,9
-8.61667,79.56667,8,37,0,"S",79,34,0,"E",1,"tow","tow","tow","0-250",-5228,NA,"Indian ocean",18719,0,5,0,0,0,0,0,0,0,0,0,0,0,0,0,0,0,0,0,0,0,0,0,0,0,0,39,0,0,0,0,0,4,0,0,0,0,0,0,0,0,0,1,0,63,0,0,16,0,0,0,0,0,0,1,5,0,0,5,8,134,139
-18.35,62.06667,18,21,0,"S",62,4,0,"E",0,"core = 3","core = 3","many_cores","3398",-3407,-9,"Indian ocean",18483,0,0,0,0,0,0,6,18,0,62,19,0,1,26,11,0,0,8,2,0,29,12,2,0,0,0,23,0,0,0,0,1,27,0,3,0,22,17,8,0,0,0,18,6,0,2,0,5,0,0,0,0,0,0,13,15,1,0,58,26,357,415
-18.38333,113.36667,18,23,0,"S",113,22,0,"E",1,"tow","tow","tow","50",-1590,NA,"Indian ocean",18595,0,0,0,0,0,0,0,2,0,0,0,0,0,4,0,0,0,0,0,0,0,0,0,0,0,0,9,0,0,0,0,0,5,0,0,3,0,0,0,0,0,0,1,0,6,0,0,0,0,0,0,0,0,0,2,7,0,0,0,9,39,39
-26.08333,111.6,26,5,0,"S",111,36,0,"E",1,"tow","tow","tow","50",-1056,NA,"Indian ocean",18598,0,0,0,0,0,0,0,0,0,0,0,0,0,2,0,0,0,1,0,0,0,0,0,0,0,0,5,0,0,0,0,0,2,0,0,0,0,0,0,0,0,0,1,0,4,0,0,0,0,0,0,0,0,0,1,0,0,0,0,7,16,16
-14.26667,-119.18333,14,16,0,"S",119,11,0,"W",0,"core = 8","core = 8","many_cores","3400",-3735,-335,"Pacific ocean",18529,5,0,21,0,14,0,0,16,0,9,10,12,2,16,0,0,0,0,11,0,10,0,0,0,0,0,21,0,0,31,4,3,0,9,0,0,0,24,24,0,0,6,17,0,19,2,13,11,7,16,0,0,0,3,14,7,0,52,369,30,409,778
-16.65,113.05,16,39,0,"S",113,3,0,"E",1,"tow","tow","tow","50",-2506,NA,"Indian ocean",18611,0,0,0,0,0,0,2,2,0,0,0,0,0,1,0,0,0,0,0,0,0,0,0,0,0,0,0,0,0,0,0,0,6,0,0,0,0,0,0,0,0,0,13,0,25,0,0,6,0,0,0,0,0,0,20,0,0,0,0,8,75,75
-50.01667,123.06667,50,1,0,"S",123,4,0,"E",0,"no_info","no_info","no_info","3292",-3976,-684,"Antarctic Indian Ocean",32657,0,0,0,0,0,0,0,0,0,0,0,0,0,0,0,0,0,0,0,0,0,0,0,0,0,0,0,0,0,0,0,0,0,0,0,0,0,0,0,0,0,0,0,0,0,0,0,0,0,0,0,0,0,12,0,0,0,0,0,1,12,12
-43.71667,-107.6,43,43,0,"S",107,36,0,"W",0,"3","6","top_core","3220",-3141,79,"Pacific Ocean",16649,0,0,0,0,0,0,0,0,0,0,0,0,0,0,5,0,0,0,4,0,0,0,7,0,0,0,0,0,0,0,0,0,0,0,0,0,0,0,0,0,0,0,0,0,0,0,0,2,0,0,0,0,0,13,0,0,0,0,0,5,31,31
-26.31667,-147.11667,26,19,0,"S",147,7,0,"W",0,"3","6","top_core","3680",-2312,1368,"Pacific Ocean",16646,0,0,0,0,0,0,0,10,0,12,11,0,0,0,0,0,0,0,0,0,0,0,6,0,0,0,0,0,0,0,0,3,0,0,0,0,0,0,0,0,0,0,24,0,15,0,0,12,0,0,0,0,0,4,0,0,0,0,0,9,97,97
-46.75,-123,46,45,0,"S",123,0,0,"W",0,"6","11","top_core","4040",-4030,10,"Pacific Ocean",16647,0,0,0,0,0,34,0,0,0,0,0,0,0,0,0,0,0,0,0,0,0,0,13,0,0,0,0,0,0,0,0,0,0,0,0,0,0,0,0,0,0,0,0,0,0,0,0,0,0,0,0,0,0,53,0,0,0,0,0,3,100,100
-48.475,-113.28333,48,28,30,"S",113,17,0,"W",0,"0","8","top_core","2580",-2677,-97,"Pacific Ocean",16648,0,0,0,0,0,20,0,0,0,0,0,0,2,0,0,0,0,13,0,0,0,0,24,2,0,0,0,0,0,0,0,0,0,0,33,0,0,0,0,0,0,14,0,0,0,8,0,0,0,0,0,0,0,20,0,0,0,0,0,9,136,136
-27.93333,-106.91667,27,56,0,"S",106,55,0,"W",0,"13","20","top_core","3060",-3039,21,"Pacific Ocean",16651,0,0,0,0,0,0,0,17,0,0,6,0,10,0,0,0,0,15,2,0,0,0,9,0,0,0,0,0,0,0,0,4,0,0,0,0,0,0,0,0,0,3,13,0,12,0,0,14,0,0,8,0,0,14,0,0,0,0,29,13,127,156
-28.88333,170,28,53,0,"S",170,0,0,"E",0,"no_info","no_info","no_info","2268",-3021,-753,"Pacific ocean, Tasman sea",17240,0,0,0,0,0,35,0,13,0,22,2,0,7,15,30,0,0,21,0,0,0,0,71,0,0,0,0,0,0,0,0,1,12,0,20,1,0,0,0,0,0,0,16,2,20,8,0,20,0,0,12,0,0,20,0,10,0,0,249,21,358,607
-33.88333,173.83333,33,53,0,"S",173,50,0,"E",0,"no_info","no_info","no_info","1920",-2464,-544,"Pacific ocean, Tasman sea",17229,0,0,0,0,0,38,0,4,0,37,0,0,2,24,2,0,0,18,0,10,0,0,32,0,0,0,0,0,0,0,0,0,11,0,15,0,0,0,0,0,0,0,15,2,15,0,0,8,0,0,7,0,0,16,0,6,0,0,3,18,262,265
-39.76667,167.75,39,46,0,"S",167,45,0,"E",0,"no_info","no_info","no_info","1148",-1137,11,"Pacific ocean, Tasman sea",17031,0,0,0,0,0,9,0,0,0,3,0,0,2,2,17,0,0,16,0,49,0,0,42,0,0,0,0,0,0,0,0,0,0,0,26,0,0,0,0,0,0,7,9,0,0,2,0,18,0,0,0,0,0,24,0,10,0,0,38,15,236,274
-53.63333,169.86667,53,38,0,"S",169,52,0,"E",0,"no_info","no_info","no_info","768",-746,22,"Pacific ocean",17262,0,0,0,0,0,22,0,0,0,0,0,0,0,0,0,0,0,16,0,0,0,0,40,0,0,0,0,0,0,0,0,0,0,0,55,0,0,0,0,0,0,8,0,0,0,1,0,0,0,0,0,0,0,21,0,5,0,0,0,8,168,168
17.275,-48.41667,17,16,30,"N",48,25,0,"W",0,"core = 4","core = 4","many_cores","3795",-3881,-86,"Atlantic ocean",17371,0,0,0,0,0,36,0,61,17,13,32,0,2,61,0,0,0,47,2,2,0,0,0,0,0,0,122,0,0,0,13,35,27,0,0,0,0,0,0,0,64,0,94,11,96,0,0,55,0,0,32,0,0,54,0,0,0,0,129,21,876,1005
13.25,-40.66667,13,15,0,"N",40,40,0,"W",0,"950","953","deep_core","4886",-4298,588,"Atlantic ocean",17382,0,0,0,0,0,23,0,27,0,0,38,0,4,39,0,0,0,30,0,16,0,0,0,0,0,0,3,0,0,0,0,6,30,0,18,0,0,0,0,0,0,0,26,0,43,0,0,13,0,0,12,0,0,33,0,0,0,0,15,16,361,376
28.4,-77.93333,28,24,0,"N",77,56,0,"W",0,"core = 2","core = 2","many_cores","970",-1004,-34,"Atlantic ocean near coast",17162,0,0,0,0,0,0,0,10,0,0,2,0,0,21,0,0,0,0,0,9,0,0,24,0,0,0,17,0,0,0,0,2,8,0,0,0,0,0,0,0,0,0,34,0,26,0,0,21,0,0,0,0,0,21,0,0,0,0,52,12,195,247
-44.23333,-50.23333,44,14,0,"S",50,14,0,"W",1,"tow","tow","tow","0",-5476,NA,"Atlantic ocean",18265,0,0,0,0,0,0,0,0,0,0,0,0,0,0,0,0,0,0,0,0,0,0,0,0,0,0,0,0,0,0,0,0,0,0,0,0,0,0,0,0,0,0,0,0,0,0,0,0,0,0,0,0,0,40,0,0,0,0,0,1,40,40
-42.5,-147.95,42,30,0,"S",147,57,0,"W",1,"tow","tow","tow","0-200",-5376,NA,"Pacific ocean",NA,0,0,0,0,0,5,0,0,0,0,0,0,0,0,12,0,0,0,0,0,0,0,4,0,0,0,0,0,0,0,0,0,0,0,3,0,0,0,0,0,0,0,0,0,0,0,0,0,0,0,0,0,0,7,0,0,0,0,6,5,31,37
-40,-144.73333,40,0,0,"S",144,44,0,"W",1,"tow","tow","tow","0-10",-5367,NA,"Pacific ocean",NA,0,0,0,0,0,0,0,0,0,0,0,0,0,0,0,0,0,0,0,0,0,0,0,0,0,0,0,0,0,0,0,0,0,0,0,0,0,0,0,0,0,0,0,0,0,0,0,0,0,0,0,0,0,33,0,0,0,0,4,1,33,37
28.5,-77.51667,28,30,0,"N",77,31,0,"W",0,"no_info","no_info","no_info","",-1134,NA,"Atlantic ocean near coast",18031,0,0,17,0,0,9,0,10,0,0,0,0,0,0,8,0,0,0,0,0,37,0,0,0,0,0,0,0,15,0,23,11,0,0,0,3,0,0,0,0,0,0,0,0,25,0,0,11,0,0,0,0,0,18,0,0,0,22,248,13,209,457
-40.4,49.81667,40,24,0,"S",49,49,0,"E",0,"no_info","no_info","no_info","3914",-3406,508,"Indian ocean",38482,0,0,0,0,0,0,0,0,0,0,0,0,0,0,0,0,0,0,0,0,0,0,0,0,0,0,0,0,0,0,0,0,0,0,0,0,0,0,0,0,0,0,0,0,0,0,0,0,0,0,0,0,0,6,0,0,0,0,0,1,6,6
-42,-49.71667,42,0,0,"S",49,43,0,"W",1,"tow","tow","tow","",-5094,NA,"Atlantic ocean",18573,0,0,0,0,0,34,0,0,0,0,0,0,0,0,0,0,0,0,0,0,0,0,52,0,0,0,0,0,0,0,0,0,0,0,0,0,0,0,0,0,0,0,0,0,0,0,0,0,0,0,0,0,0,44,0,0,0,0,0,3,130,130
-24.5,112.51667,24,30,0,"S",112,31,0,"E",1,"tow","tow","tow","50",-114,NA,"Indian ocean near coast",18597,0,0,0,0,0,2,0,1,0,1,0,0,0,13,0,0,0,0,0,0,0,0,0,0,0,0,10,0,0,0,0,0,1,0,0,2,0,0,0,0,0,0,8,0,2,0,0,1,0,0,0,0,0,8,0,0,0,0,1,11,49,50
-26.91667,111.56667,26,55,0,"S",111,34,0,"E",1,"tow","tow","tow","50",-2096,NA,"Indian ocean near coast",18599,0,0,0,0,0,0,1,3,0,0,0,0,0,13,0,0,0,2,0,0,0,0,2,0,0,0,24,0,0,0,0,0,3,0,0,0,0,0,0,0,0,0,3,0,3,0,0,2,0,0,0,0,0,10,0,0,0,0,0,11,66,66
-28.21667,113.28333,28,13,0,"S",113,17,0,"E",1,"tow","tow","tow","50",-431,NA,"Indian ocean near coast",18600,0,0,0,0,0,0,0,0,0,0,0,0,0,2,0,0,0,0,0,0,0,0,0,0,0,0,43,0,0,0,0,0,0,0,0,0,0,0,0,0,0,0,0,0,1,0,0,2,0,0,0,0,0,9,0,0,0,0,0,5,57,57
-23.95,113.1,23,57,0,"S",113,6,0,"E",1,"tow","tow","tow","50",-98,NA,"Indian ocean near coast",18619,0,0,0,0,0,0,3,0,0,0,0,0,0,6,0,0,0,1,0,0,0,0,2,0,0,0,10,0,0,0,0,0,0,0,0,0,0,0,0,0,0,0,1,0,2,0,0,0,0,0,0,0,0,9,0,0,0,0,0,8,34,34
-28.36667,112.98333,28,22,0,"S",112,59,0,"E",1,"tow","tow","tow","50",-866,NA,"Indian ocean near coast",18601,0,0,0,0,0,0,0,0,0,0,0,0,0,4,0,0,0,0,0,0,0,0,0,0,0,0,9,0,0,0,0,0,0,0,0,0,0,0,0,0,0,0,0,0,0,0,0,1,0,0,0,0,0,2,0,0,0,0,0,4,16,16
-19.475,-173.73333,19,28,30,"S",173,44,0,"W",0,"core = 2","core = 2","many_cores","2780",-4347,-1567,"Pacific ocean",16365,0,0,0,0,0,0,0,9,0,8,4,0,0,0,0,0,0,0,0,0,0,0,0,0,0,0,0,0,0,0,0,5,0,0,0,0,0,0,0,0,0,0,18,0,15,8,0,12,0,0,6,0,0,0,0,7,0,0,5,10,92,97
26.7,-39.38333,26,42,0,"N",39,23,0,"W",0,"core = 14","core = 14","many_cores","4517",-4741,-224,"Atlantic ocean",18560,0,0,0,0,0,0,0,9,0,0,0,0,0,6,0,0,0,0,0,5,0,0,0,0,0,0,43,0,0,0,0,0,0,0,0,1,0,0,0,0,0,0,6,14,0,0,0,0,0,0,0,0,0,0,0,0,0,0,1770,7,84,1854
-15.66667,112.73333,15,40,0,"S",112,44,0,"E",0,"core = 2","core = 2","many_cores","3653",-4291,-638,"Indian ocean",18480,0,0,0,0,0,0,0,0,0,6,0,0,0,0,0,0,0,0,0,0,0,0,0,0,0,0,0,0,0,0,0,0,0,0,0,0,0,0,0,0,0,0,0,0,0,0,0,0,0,0,0,3,0,0,0,0,0,0,99,2,9,108
-40.5,-48.18333,40,30,0,"S",48,11,0,"W",1,"tow","tow","tow","",-5324,NA,"Atlantic ocean",18267,0,0,0,0,0,0,0,0,0,0,0,0,0,0,0,0,0,0,0,0,0,0,0,0,0,0,0,0,0,0,0,0,0,0,0,0,0,0,0,0,0,0,0,0,0,8,0,0,0,0,0,0,0,0,0,0,0,0,0,1,8,8
-37.5,-45.33333,37,30,0,"S",45,20,0,"W",1,"tow","tow","tow","",-5120,NA,"Atlantic ocean",18268,0,0,0,0,0,0,0,0,0,0,0,0,0,0,0,0,0,0,0,3,0,0,0,0,0,0,0,0,0,0,0,0,0,0,0,0,0,0,0,0,0,0,0,0,0,0,0,0,0,0,0,0,0,0,0,0,0,0,0,1,3,3
13.13333,86.2,13,8,0,"N",86,12,0,"E",1,"tow","tow","tow","0-250",-3151,NA,"Indian ocean, Bay of Bengal",18717,0,0,0,0,0,0,0,0,0,0,0,0,0,21,0,0,0,0,4,1,0,0,0,0,0,0,10,0,0,0,0,0,0,0,0,0,0,0,0,0,0,0,0,0,23,0,0,9,0,0,0,0,0,0,0,0,0,0,11,6,68,79
60.48528,-16.16889,60,29,7,"N",16,10,8,"W",0,"no_info","no_info","no_info","2538",-2419,119,"Atlantic ocean",31428,0,0,0,0,0,40,0,0,0,0,0,0,0,0,0,0,0,0,0,0,0,0,14,0,0,0,0,0,0,0,0,0,0,0,14,0,0,0,0,0,0,0,0,0,0,0,0,0,0,0,0,0,0,0,0,0,0,0,0,3,68,68
-40.45,49.81667,40,24,0,"S",49,49,0,"E",0,"no_info","no_info","no_info","3914",-3780,134,"Indian ocean",38482,0,0,0,0,0,0,0,0,0,0,0,0,0,0,0,0,0,0,0,0,0,0,81,0,0,0,0,0,0,0,0,0,0,0,0,0,0,0,0,0,0,0,0,0,0,0,0,0,0,0,0,0,0,0,0,0,0,0,0,1,81,81
-47.5,-52.71667,47,30,0,"S",52,43,0,"W",1,"tow","tow","tow","0",-6077,NA,"Atlantic ocean",18264,0,0,0,0,0,0,0,0,0,0,0,0,0,0,0,0,0,0,0,0,0,0,25,0,0,0,0,0,0,0,0,0,0,0,0,0,0,0,0,0,0,0,0,0,0,0,0,0,0,0,0,0,0,0,0,0,0,0,0,1,25,25
-40,-144.76667,40,0,0,"S",144,46,0,"W",1,"tow","tow","tow","0-10",-5376,NA,"Pacific ocean",NA,0,0,0,0,0,13,0,0,0,0,0,0,0,0,0,0,0,0,0,0,0,0,56,0,0,0,0,0,0,0,0,0,0,0,0,0,0,0,0,0,0,0,0,0,0,0,0,0,0,0,0,0,0,0,0,0,0,0,0,2,69,69
-28.933333,113.1,28,56,0,"S",113,6,0,"E",1,"tow","tow","tow","50",-2746,NA,"Indian ocean",18602,0,0,0,0,0,0,0,0,0,0,0,0,0,29,0,0,0,0,0,0,0,0,1,0,0,0,27,0,0,0,0,0,1,0,0,0,0,0,0,0,0,0,5,0,2,0,0,3,0,0,0,0,0,7,0,0,0,0,2,8,75,77
-30.7,114.68333,30,42,0,"S",114,41,0,"E",1,"tow","tow","tow","50",-210,NA,"Indian ocean near coast",18604,0,0,0,0,0,0,1,2,0,0,0,0,0,11,0,0,0,1,0,0,0,0,1,0,0,0,31,0,0,0,0,0,3,0,0,2,0,0,0,0,0,0,7,0,4,0,0,0,0,0,0,0,0,5,0,0,0,0,1,11,68,69
-30.5,114.63333,30,30,0,"S",114,38,0,"E",1,"tow","tow","tow","50",-298,NA,"Indian ocean near coast",18620,0,0,0,0,0,0,2,0,0,0,0,0,0,4,0,0,0,0,0,0,0,0,1,0,0,0,7,0,0,0,0,0,1,0,0,0,0,0,0,0,0,0,2,0,0,0,0,0,0,0,0,0,0,5,0,0,0,0,0,7,22,22
35.68333,-4.08333,35,41,0,"N",4,5,0,"W",0,"core = 10","core = 10","many_cores","1498",-1500,-2,"Mediterranean sea",NA,0,0,0,0,0,152,0,0,0,0,0,0,0,0,0,0,0,0,0,0,0,0,121,0,0,0,0,0,0,0,0,0,0,0,173,0,0,0,0,0,0,0,123,0,41,0,0,30,0,0,0,0,0,0,0,35,0,0,339,7,675,1014
34.75,-157.66667,34,45,0,"N",157,40,0,"W",1,"tow","tow","tow","0-164",-5962,NA,"Pacific ocean",16374,0,0,0,0,0,0,0,0,0,0,0,0,0,0,0,0,0,0,0,0,0,0,1,0,0,0,0,0,0,0,0,0,0,0,0,0,0,0,0,0,0,0,0,0,0,0,0,0,0,0,0,0,0,0,0,0,0,0,0,1,1,1
35.66667,-160.71667,35,40,0,"N",160,43,0,"W",1,"tow","tow","tow","0-85",-5923,NA,"Pacific ocean",16375,0,0,0,0,0,0,0,0,0,0,0,0,0,0,0,0,0,0,0,0,0,0,0,0,0,0,0,0,0,0,0,0,0,0,0,0,0,0,0,0,0,0,0,0,0,0,0,0,0,0,0,0,0,0,0,0,0,0,0,0,0,0
36.58333,-163.76667,36,35,0,"N",163,46,0,"W",1,"tow","tow","tow","0-135",-5450,NA,"Pacific ocean",16376,0,0,0,0,0,0,0,0,0,0,0,0,0,0,0,0,0,0,0,0,0,0,4,0,0,0,0,0,0,0,0,0,0,0,0,0,0,0,0,0,0,0,0,0,0,0,0,0,0,0,0,0,0,0,0,0,0,0,0,1,4,4
85.25,-167.9,85,15,0,"N",167,54,0,"W",0,"no_info","no_info","no_info","1842",-1774,68,"Artic Ocean",14609,0,0,0,0,0,0,0,0,0,0,0,0,0,0,0,0,0,0,0,0,0,0,0,0,0,0,0,0,0,0,0,0,0,0,90,0,0,0,0,0,0,0,0,0,0,0,0,0,0,0,0,0,0,0,0,0,0,0,0,1,90,90
77.075,-159.83667,77,4,6,"N",159,50,12,"W",0,"no_info","no_info","no_info","2130",-2056,74,"Artic Ocean",16486,0,0,0,0,0,0,0,0,0,0,0,0,0,0,0,0,0,0,0,0,0,0,0,0,0,0,0,0,0,0,0,0,0,0,334,0,0,0,0,0,0,0,0,0,0,0,0,0,0,0,0,0,0,0,0,0,0,0,0,1,334,334
-77,-156.45,77,0,0,"S",156,27,0,"W",0,"no_info","no_info","no_info","",-155,NA,"Pacific ocean Antartic",14782,0,0,0,0,0,0,0,0,0,0,0,0,0,0,0,0,0,0,0,0,0,0,0,0,0,0,0,0,0,0,0,0,0,0,35,0,0,0,0,0,0,0,0,0,0,0,0,0,0,0,0,0,0,0,0,0,0,0,0,1,35,35
62.35,-27.61667,62,21,0,"N",27,37,0,"W",0,"no_info","no_info","no_info","1289",-1472,-183,"Atlantic ocean Artic",15729,0,0,0,0,0,0,0,0,0,0,0,0,0,0,0,0,0,0,0,0,0,0,0,0,0,0,0,0,0,0,0,0,0,0,77,0,0,0,0,0,0,12,0,0,0,0,0,0,0,0,0,0,0,0,0,0,0,0,0,2,89,89
-37.86667,-17.6,37,52,0,"S",17,36,0,"W",0,"no_info","no_info","no_info","",-2392,NA,"Atlantic ocean",15674,0,0,0,0,0,0,0,0,0,0,0,0,0,0,0,0,0,0,0,0,0,0,0,0,0,0,0,0,0,0,0,0,0,0,32,0,0,0,0,0,0,0,0,0,0,0,0,0,0,0,0,0,0,0,0,0,0,0,0,1,32,32
68.48333,2.88333,68,29,0,"N",2,53,0,"E",0,"no_info","no_info","no_info","",-2769,NA,"Atlantic ocean Artic",12985,0,0,0,0,0,0,0,0,0,0,0,0,0,0,0,0,0,0,0,0,0,0,0,0,0,0,0,0,0,0,0,0,0,0,41,0,0,0,0,0,0,0,0,0,0,0,0,0,0,0,0,0,0,0,0,0,0,0,0,1,41,41
51.78333,166.43333,51,47,0,"N",166,26,0,"E",0,"no_info","no_info","no_info","3467",-3359,108,"Pacific ocean",38352,0,0,0,0,0,0,0,0,0,0,0,0,0,0,0,0,0,0,0,0,0,0,0,0,0,0,0,0,0,0,0,0,0,0,40,0,0,0,0,0,0,0,0,0,0,0,0,0,0,0,0,0,0,0,0,0,0,0,0,1,40,40
-66.63333,-178.78333,66,38,0,"S",178,47,0,"W",0,"no_info","no_info","no_info","3592",-3511,81,"Pacific ocean Antartic",31149,0,0,0,0,0,0,0,0,0,0,0,0,0,0,0,0,0,0,0,0,0,0,0,0,0,0,0,0,0,0,0,0,0,0,25,0,0,0,0,0,0,0,0,0,0,0,0,0,0,0,0,0,0,0,0,0,0,0,0,1,25,25
73.16667,-2.23333,73,10,0,"N",2,14,0,"W",0,"no_info","no_info","no_info","2498",-2442,56,"Atlantic ocean Artic",38887,0,0,0,0,0,0,0,0,0,0,0,0,0,0,0,0,0,0,0,0,0,0,0,0,0,0,0,0,0,0,0,0,0,0,11,0,0,0,0,0,0,0,0,0,0,0,0,0,0,0,0,0,0,0,0,0,0,0,0,1,11,11
-64.3,94.78333,64,18,0,"S",94,47,0,"E",0,"no_info","no_info","no_info","2377",-2514,-137,"Antartic Ocean",32618,0,0,0,0,0,0,0,0,0,0,0,0,0,0,0,0,0,0,0,0,0,0,0,0,0,0,0,0,0,0,0,0,0,0,1,0,0,0,0,0,0,0,0,0,0,0,0,0,0,0,0,0,0,0,0,0,0,0,0,1,1,1
60.03333,-50.83333,60,2,0,"N",50,50,0,"W",0,"no_info","no_info","no_info","3305",-3203,102,"Atlantic ocean Arctic",15728,0,0,0,0,0,0,0,0,0,0,0,0,0,0,0,0,0,0,0,0,0,0,0,0,0,0,0,0,0,0,0,0,0,0,12,0,0,0,0,0,0,0,0,0,0,0,0,0,0,0,0,0,0,0,0,0,0,0,0,1,12,12
-64.55833,-166.5,64,33,30,"S",166,30,0,"W",0,"no_info","no_info","no_info","2926",-2846,80,"Pacific ocean",31168,0,0,0,0,0,0,0,0,0,0,0,0,0,7,0,0,0,0,0,0,0,0,0,0,0,0,0,0,0,0,0,0,0,0,5,0,0,0,0,0,0,0,0,0,0,0,0,0,0,0,0,0,0,0,0,0,0,0,0,2,12,12
-61.25,-64.71389,61,15,0,"S",64,42,50,"W",0,"no_info","no_info","no_info","3350",-3314,36,"Pacific ocean Antartic",19576,0,0,0,0,0,0,0,0,0,0,0,0,0,0,0,0,0,0,0,0,0,0,0,0,0,0,0,0,0,0,0,0,0,0,56,0,0,0,0,0,0,0,0,0,0,0,0,0,0,0,0,0,0,0,0,0,0,0,0,1,56,56
77.69167,-164.35833,77,41,30,"N",164,21,30,"W",0,"no_info","no_info","no_info","275",-287,-12,"Artic Ocean",16489,0,0,0,0,0,0,0,0,0,0,0,0,0,0,0,0,0,0,0,0,0,0,0,0,0,0,0,0,0,0,0,0,0,0,137,0,0,0,0,0,0,0,0,0,0,0,0,0,0,0,0,0,0,0,0,0,0,0,0,1,137,137
51.51667,-144.65,51,31,0,"N",144,39,0,"W",0,"7","10","top_core","",-4054,NA,"Pacific Ocean",16658,0,0,0,0,0,20,0,0,0,0,0,0,0,0,0,0,0,0,0,0,0,0,0,0,0,0,0,0,0,0,0,0,0,0,16,0,0,0,0,0,0,0,0,0,0,0,0,0,0,0,0,0,0,0,0,0,0,0,0,2,36,36
-49.18333,-53.61667,49,11,0,"S",53,37,0,"W",1,"tow","tow","tow","0",-2126,NA,"Atlantic ocean",18330,0,0,0,0,0,0,0,0,0,0,0,0,0,0,0,0,0,0,0,0,0,0,0,0,0,0,0,0,0,0,0,0,0,0,47,0,0,0,0,0,0,0,0,0,0,0,0,0,0,0,0,0,0,0,0,0,0,0,0,1,47,47
-62.96167,-115.27833,62,57,42,"S",115,16,42,"W",1,"tow","tow","tow","100-250",-5129,NA,"Pacific ocean",18724,0,0,0,0,0,0,0,0,0,0,0,0,0,0,0,0,0,0,0,0,0,0,0,0,0,0,0,0,0,0,0,0,0,0,49,0,0,0,0,0,0,0,0,0,0,0,0,0,0,0,0,0,0,0,0,0,0,0,0,1,49,49
-65.85667,-115.06667,65,51,24,"S",115,4,0,"W",1,"tow","tow","tow","0-10",-4825,NA,"Antarctic Pacific Ocean",18725,0,0,0,0,0,0,0,0,0,0,0,0,0,0,0,0,0,0,0,0,0,0,0,0,0,0,0,0,0,0,0,0,0,0,16,0,0,0,0,0,0,0,0,0,0,0,0,0,0,0,0,0,0,0,0,0,0,0,0,1,16,16
-70.04,-115.08333,70,2,24,"S",115,5,0,"W",1,"tow","tow","tow","0-2000",-3715,NA,"Antarctic Pacific Ocean",18727,0,0,0,0,0,0,0,0,0,0,0,0,0,0,0,0,0,0,0,0,0,0,0,0,0,0,0,0,0,0,0,0,0,0,43,0,0,0,0,0,0,0,0,0,0,0,0,0,0,0,0,0,0,0,0,0,0,0,0,1,43,43
-66.87667,-115.52,66,52,36,"S",115,31,12,"W",1,"tow","tow","tow","250-500",-4721,NA,"Antarctic Pacific Ocean",18726,0,0,0,0,0,0,0,0,0,0,0,0,0,0,0,0,0,0,0,0,0,0,0,0,0,0,0,0,0,0,0,0,0,0,73,0,0,0,0,0,0,0,0,0,0,0,0,0,0,0,0,0,0,0,0,0,0,0,0,1,73,73
53.25,-161.91667,53,15,0,"N",161,55,0,"W",1,"tow","tow","tow","0-143",-6659,NA,"Pacific ocean Artic",16371,0,0,0,0,0,0,0,0,0,0,0,0,0,0,0,0,0,0,0,0,0,0,0,0,0,0,0,0,0,0,0,0,0,0,5,0,0,0,0,0,0,0,0,0,0,0,0,0,0,0,0,0,0,0,0,0,0,0,0,1,5,5
52.48333,-176.15,52,29,0,"N",176,9,0,"W",1,"tow","tow","tow","0-143",-3388,NA,"Pacific ocean Artic",16372,0,0,0,0,0,0,0,0,0,0,0,0,0,0,0,0,0,0,0,0,0,0,0,0,0,0,0,0,0,0,0,0,0,0,5,0,0,0,0,0,0,0,0,0,0,0,0,0,0,0,0,0,0,0,0,0,0,0,0,1,5,5
45.1,-170.13333,45,6,0,"N",170,8,0,"W",1,"tow","tow","tow","0-143",-6359,NA,"Pacific ocean",16373,0,0,0,0,0,0,0,0,0,0,0,0,0,0,0,0,0,0,0,0,0,0,0,0,0,0,0,0,0,0,0,0,0,0,5,0,0,0,0,0,0,0,0,0,0,0,0,0,0,0,0,0,0,0,0,0,0,0,0,1,5,5
-68.32,31.35333,68,19,12,"S",31,21,12,"E",0,"no_info","no_info","no_info","700",-974,-274,"Antarctic Indian Ocean",15900,0,0,0,0,0,0,0,0,0,0,0,0,0,0,0,0,0,0,0,0,0,0,0,0,0,0,0,0,0,0,0,0,0,0,72,0,0,0,0,0,0,0,0,0,0,0,0,0,0,0,0,0,0,0,0,0,0,0,0,1,72,72
38.86667,10.58333,38,52,0,"N",10,35,0,"E",0,"no_info","no_info","no_info","2444",-2643,-199,"Mediterranean sea",15976,0,0,0,0,0,0,0,0,0,0,0,0,0,0,0,0,0,0,0,0,0,0,3,0,0,0,0,0,0,0,0,0,0,0,13,0,0,0,0,0,0,0,0,0,0,0,0,0,0,0,0,0,0,0,0,0,0,0,3,2,16,19
-42.65,45.66667,42,39,0,"S",45,40,0,"E",0,"no_info","no_info","no_info","2995",-2939,56,"Indian ocean",16146,0,0,0,0,0,0,0,0,0,0,0,0,0,0,0,0,0,0,0,0,0,0,0,0,0,0,0,0,0,0,0,0,0,0,20,0,0,0,0,0,0,0,0,0,0,0,0,0,0,0,0,0,0,0,0,0,0,0,0,1,20,20
-37.15,45.53333,37,9,0,"S",45,32,0,"E",0,"no_info","no_info","no_info","3640",-3663,-23,"Indian ocean",16146,0,0,0,0,0,0,0,0,0,0,0,0,0,0,0,0,0,0,0,0,0,0,0,0,0,0,0,0,0,0,0,0,0,0,10,0,0,0,0,0,0,0,0,0,0,0,0,0,0,0,0,0,0,0,0,0,0,0,0,1,10,10
-44,-50.26667,44,0,0,"S",50,16,0,"W",0,"no_info","no_info","no_info","",-5430,NA,"Atlantic ocean",18263,0,0,0,0,0,18,0,0,0,0,0,0,0,0,0,0,0,0,0,0,0,0,0,0,0,0,0,0,0,0,0,0,0,0,0,0,0,0,0,0,0,0,0,0,0,0,0,0,0,0,0,0,0,0,0,0,0,0,0,1,18,18
16.90333,69.73333,16,54,12,"N",69,44,0,"E",1,"tow","tow","tow","0-200",-3622,NA,"Indian ocean",NA,0,0,0,0,0,7,0,0,0,0,0,0,0,0,0,0,0,0,0,0,0,0,0,0,0,0,0,0,0,0,0,0,0,0,0,0,0,0,0,0,0,0,0,0,0,0,0,0,0,0,0,0,0,0,0,0,0,0,0,1,7,7
8.18333,75.21667,8,11,0,"N",75,13,0,"E",1,"tow","tow","tow","50",-2472,NA,"Indian ocean",18581,0,0,0,0,0,10,0,0,0,0,0,0,0,49,0,0,0,0,0,0,0,0,0,0,0,0,8,0,0,0,0,0,9,0,0,0,0,0,0,0,0,0,14,0,35,0,0,7,0,0,0,0,0,0,0,0,0,0,0,7,132,132
6.86667,77.71667,6,52,0,"N",77,43,0,"E",1,"tow","tow","tow","50",-2284,NA,"Indian ocean near coast",18582,0,0,0,0,0,15,0,1,0,0,0,0,0,34,0,0,0,0,0,0,0,0,0,0,0,0,1,0,0,0,0,0,11,0,0,0,0,0,0,0,0,0,22,0,25,0,0,1,0,0,0,0,0,0,0,0,0,0,2,8,110,112
-30.43333,114.61667,30,26,0,"S",114,37,0,"E",1,"tow","tow","tow","50",-270,NA,"Indian ocean near coast",18603,0,0,0,0,0,2,0,0,0,0,0,0,0,6,0,0,0,0,0,0,0,0,0,0,0,0,4,0,0,0,0,0,0,0,0,0,0,0,0,0,0,0,3,0,0,0,0,0,0,0,0,0,0,0,0,0,0,0,0,4,15,15
-6.38333,112.56667,6,23,0,"S",112,34,0,"E",1,"tow","tow","tow","50",-30,NA,"Java Sea",18607,0,0,0,0,0,2,5,1,0,0,0,0,0,0,0,0,0,1,0,0,0,0,0,0,0,0,0,0,0,0,0,0,1,0,0,0,0,0,0,0,0,0,27,0,9,0,0,10,0,0,0,0,0,0,0,0,0,0,3,8,56,59
-6.73333,114.41667,6,44,0,"S",114,25,0,"E",1,"tow","tow","tow","50",-77,NA,"Java Sea",18608,0,0,0,0,0,1,0,0,0,0,0,0,0,0,0,0,0,0,0,0,0,0,0,0,0,0,19,0,0,0,0,0,0,0,0,0,0,0,0,0,0,0,0,0,3,0,0,0,0,0,0,0,0,0,0,0,0,0,0,3,23,23
-11.7,-109.71667,11,42,0,"S",109,43,0,"W",0,"0","3","top_core","3230",-3296,-66,"Pacific ocean",16370,0,0,0,0,0,0,9,0,2,0,0,0,0,0,0,0,0,0,0,0,0,0,0,0,0,0,0,0,0,0,0,0,1,0,0,0,0,0,0,0,0,0,0,0,0,0,0,0,0,0,0,0,0,0,0,0,0,0,0,3,12,12
4.3,80.13333,4,18,0,"N",80,8,0,"E",1,"tow","tow","tow","500-1000",-4379,NA,"Indian ocean near coast",18720,0,2,0,0,0,0,1,0,0,0,0,0,0,14,0,0,0,0,0,0,0,0,0,0,0,0,16,0,0,0,0,0,1,0,0,0,0,0,0,0,0,0,3,0,2,0,0,4,0,0,0,0,0,0,0,1,0,0,1,9,44,45
5.91667,80.13333,5,55,0,"N",80,8,0,"E",1,"tow","tow","tow","50",-70,NA,"Indian ocean near coast",18584,0,0,0,0,0,0,6,1,0,0,0,0,0,7,0,0,0,1,0,0,0,0,0,0,0,0,0,0,0,0,0,0,3,0,0,0,0,0,0,0,0,0,7,0,6,0,0,0,0,0,0,0,0,0,0,0,0,0,0,7,31,31
-18.38333,113.38333,18,23,0,"S",113,23,0,"E",1,"tow","tow","tow","50",-1590,NA,"Indian ocean",18612,0,0,0,0,0,0,1,0,0,0,0,0,0,6,0,0,0,0,0,0,0,0,0,0,0,0,34,0,0,0,0,0,4,0,0,1,0,0,0,0,0,0,3,0,6,0,0,1,0,0,0,0,0,0,0,4,0,0,0,9,60,60
5.11667,92.75,5,7,0,"N",92,45,0,"E",1,"tow","tow","tow","50",-4406,NA,"Indian ocean",18589,0,0,0,0,0,0,7,0,0,0,0,0,0,13,0,0,0,0,0,0,0,0,0,0,0,0,0,0,0,0,0,0,6,0,0,0,0,0,0,0,0,0,13,0,7,0,0,4,0,0,0,0,0,0,0,0,0,0,0,6,50,50
5.18333,88.11667,5,11,0,"N",88,7,0,"E",1,"tow","tow","tow","50",-3936,NA,"Indian ocean",18587,0,0,0,0,0,0,0,0,0,0,0,0,0,4,0,0,0,0,0,0,0,0,0,0,0,0,0,0,0,0,0,0,4,0,0,0,0,0,0,0,0,0,17,2,16,0,0,9,0,0,0,0,0,0,0,0,0,0,4,6,52,56
77.96667,5.16667,77,58,0,"N",5,10,0,"E",0,"no_info","no_info","no_info","",-2468,NA,"Artic Atlantic ocean",14452,0,0,0,0,0,0,0,0,0,0,0,0,0,0,0,0,0,0,0,0,0,0,0,0,0,0,0,0,0,0,0,0,0,0,0,0,0,0,0,0,0,10,0,0,0,0,0,0,0,0,0,0,0,0,0,0,0,0,0,1,10,10
70.36667,1.1,70,22,0,"N",1,6,0,"E",0,"no_info","no_info","no_info","",-3220,NA,"Artic Atlantic ocean",13652,0,0,0,0,0,0,0,0,0,0,0,0,0,0,0,0,0,0,0,0,0,0,0,0,0,0,0,0,0,0,0,0,0,0,0,0,0,0,0,0,0,12,0,0,0,0,0,0,0,0,0,0,0,0,0,0,0,0,0,1,12,12
33.45556,-118.31667,33,27,20,"N",118,19,0,"W",0,"no_info","no_info","no_info","",-845,NA,"Pacific ocean near coast",16381,0,0,0,0,0,0,0,0,0,0,0,0,0,0,0,0,0,0,0,0,0,0,0,0,0,0,0,1,0,0,0,0,0,0,0,0,0,0,0,0,0,0,0,0,0,0,0,0,0,0,0,0,0,0,0,0,0,0,0,1,1,1
-43.8,-108.15,43,48,0,"S",108,9,0,"W",0,"0","2","top_core","3080",-3132,-52,"Pacific Ocean",16367,0,0,0,0,0,0,0,0,0,0,0,0,0,0,19,0,0,0,0,0,0,0,0,8,0,0,0,0,0,0,0,0,0,0,0,0,0,0,0,0,0,0,0,0,0,0,0,0,0,0,0,0,0,0,0,0,0,0,0,2,27,27
23.16667,-82.33333,23,10,0,"N",82,20,0,"W",0,"no_info","no_info","no_info","373",-136,237,"Atlantic ocean near coast; Mexico Gulf",NA,0,0,0,0,0,0,0,0,0,0,0,0,0,0,0,0,0,0,0,0,0,0,0,0,0,0,0,0,0,0,0,0,0,0,3,0,0,0,0,0,0,0,0,0,0,0,0,0,0,0,0,0,0,0,0,0,0,0,0,1,3,3
40.1,-71.05,40,6,0,"N",71,3,0,"W",1,"tow","tow","tow","0-200",-157,NA,"Atlantic ocean near coast",NA,0,0,0,0,0,0,0,0,0,0,0,0,0,0,0,0,0,0,0,0,0,0,0,0,0,0,0,0,0,0,0,0,0,0,10,0,0,0,0,0,0,0,0,0,0,0,0,0,0,0,0,0,0,0,0,0,0,0,0,1,10,10
23.15,62.88333,23,9,0,"N",62,53,0,"E",1,"tow","tow","tow","0-200",-2775,NA,"Indian ocean near coast",NA,0,0,0,0,0,0,0,0,0,0,0,0,0,0,0,0,0,0,0,0,0,0,0,0,0,0,0,0,0,0,0,0,0,0,0,0,0,0,0,0,0,0,4,0,0,0,0,0,0,0,0,0,0,0,0,0,0,0,0,1,4,4
17.3,72.13333,17,18,0,"N",72,8,0,"E",1,"tow","tow","tow","50",-123,NA,"Indian ocean near coast",18579,0,0,0,0,0,0,0,3,0,0,0,0,0,0,0,0,0,0,0,0,0,0,0,0,0,0,0,0,0,0,0,0,1,0,0,0,0,0,0,0,0,0,1,0,3,0,0,0,0,0,2,0,0,0,0,0,0,0,15,5,10,25
-33.7,-78.3,33,42,0,"S",78,18,0,"W",0,"no_info","no_info","no_info","2515",-3798,-1283,"Pacific ocean",34607,0,0,0,0,0,0,0,0,0,0,0,0,0,11,0,0,0,0,0,0,0,0,0,0,0,0,0,0,0,0,0,0,0,0,0,0,0,0,0,0,0,0,0,0,0,0,0,0,0,0,0,0,0,0,0,0,0,0,0,1,11,11
6.91667,66.93333,6,55,0,"N",66,56,0,"E",0,"no_info","no_info","no_info","",-3716,NA,"Indian ocean",12718,0,0,0,0,0,0,0,0,1,0,0,0,0,0,0,0,0,0,0,0,0,0,0,0,0,0,0,0,0,0,0,0,0,0,0,0,0,0,0,0,0,0,0,0,0,0,0,0,0,0,0,0,0,0,0,0,0,0,0,1,1,1
5.43333,85.61667,5,26,0,"N",85,37,0,"E",1,"tow","tow","tow","50",-4025,NA,"Indian ocean",18586,0,0,0,0,0,0,0,1,1,0,0,0,0,4,0,0,0,0,0,0,0,0,0,0,0,0,4,0,0,0,0,0,3,0,0,0,0,0,0,0,0,0,6,0,10,0,0,2,0,0,0,0,0,0,0,0,0,0,5,8,31,36
1.97,77.98,1,58,12,"N",77,58,48,"E",0,"56","60","deep_core","4308",-4375,-67,"Indian ocean",2229293,0,0,0,0,0,0,0,0,23,0,0,0,0,0,0,0,0,0,16,0,0,0,0,0,0,0,0,0,0,0,0,0,0,0,0,0,0,0,0,0,0,0,0,0,0,0,0,0,0,0,0,0,0,0,0,0,0,0,0,2,39,39
32.6,-117.38167,32,36,0,"N",117,22,54,"W",0,"no_info","no_info","no_info","1108",-210,898,"Pacific ocean near coast",NA,0,0,0,0,0,0,0,0,0,0,0,0,0,0,0,0,0,0,3,0,0,0,0,0,0,0,0,0,0,0,0,0,0,0,0,0,0,0,0,0,0,0,0,0,0,0,0,0,0,0,0,0,0,0,0,0,0,0,0,1,3,3
-14.98333,-85.05,14,59,0,"S",85,3,0,"W",1,"tow","tow","tow","0-321",-4865,NA,"Pacific ocean",16377,0,0,0,0,0,0,0,0,0,0,0,0,0,0,0,0,0,0,5,0,0,0,0,0,0,0,0,0,0,0,0,0,0,0,0,0,0,0,0,0,0,0,0,0,0,0,0,0,0,0,0,0,0,0,0,0,0,0,0,1,5,5
-31.15,-43,31,9,0,"S",43,0,0,"W",1,"tow","tow","tow","",-3846,NA,"Atlantic ocean",18266,0,0,0,0,0,0,0,0,0,0,0,0,0,0,0,0,0,17,0,0,0,0,0,0,0,0,0,0,0,0,0,0,0,0,0,0,0,0,0,0,0,0,0,0,0,0,0,0,0,0,0,0,0,0,0,0,0,0,0,1,17,17
18.63333,69.16667,18,38,0,"N",69,10,0,"E",0,"no_info","no_info","no_info","3456",-3261,195,"Indian ocean",37299,0,0,0,0,0,0,0,0,0,0,0,0,0,0,0,0,0,7,0,0,0,0,0,0,0,0,0,0,0,0,0,0,13,0,0,0,0,0,0,0,0,0,0,0,0,0,0,0,0,0,0,0,0,0,0,0,0,0,2,2,20,22
-28.18333,-43.56667,28,11,0,"S",43,34,0,"W",1,"tow","tow","tow","",-3537,NA,"Atlantic ocean",18269,0,0,0,0,0,0,0,0,0,0,0,0,0,0,0,0,0,0,0,0,0,0,0,0,0,0,13,0,0,0,0,0,0,0,0,0,0,0,0,0,0,0,27,0,0,0,0,23,0,0,0,0,0,0,0,2,0,0,0,4,65,65
-14.83333,79.93333,14,50,0,"S",79,56,0,"E",1,"tow","tow","tow","0-125",-4968,NA,"Indian ocean",18718,0,0,0,0,0,0,0,4,0,0,0,0,0,0,0,0,0,0,0,0,0,0,0,0,0,0,5,0,0,0,0,0,13,0,0,0,0,0,0,0,0,0,0,0,20,0,0,5,0,0,0,0,0,0,0,3,0,0,0,6,50,50
13.59667,70.83333,13,35,48,"N",70,50,0,"E",1,"tow","tow","tow","0-200",-2809,NA,"Indian ocean",NA,0,0,0,0,0,0,0,0,0,0,0,0,0,0,0,0,0,0,0,0,0,0,0,0,0,0,0,0,0,0,0,0,0,0,0,0,0,0,0,0,0,0,0,0,0,0,0,0,0,0,0,0,0,0,0,6,0,0,14,1,6,20
-16.63333,113.05,16,38,0,"S",113,3,0,"E",1,"tow","tow","tow","50",-2506,NA,"Indian ocean",18594,0,0,0,0,0,0,0,0,0,0,0,0,0,9,0,0,0,0,0,0,0,0,0,0,0,0,17,0,0,0,0,0,8,0,0,0,0,0,0,0,0,0,9,0,15,0,0,5,0,0,0,0,0,0,0,8,0,0,2,7,71,73
12.31667,73.21667,12,19,0,"N",73,13,0,"E",1,"tow","tow","tow","50",-2236,NA,"Indian ocean",18580,0,0,0,0,0,0,0,2,0,0,0,0,0,44,0,0,0,0,0,0,0,0,0,0,0,0,0,0,0,0,0,0,13,0,0,0,0,0,0,0,0,0,49,0,92,0,0,0,0,0,0,0,0,0,0,0,0,0,0,5,200,200
-7.73333,115.61667,7,44,0,"S",115,37,0,"E",1,"tow","tow","tow","50",-1335,NA,"Java sea",18592,0,0,0,0,0,0,0,0,0,0,0,0,0,14,0,0,0,0,0,0,0,0,0,0,0,0,40,0,0,0,0,0,4,0,0,1,0,0,0,0,0,0,5,0,6,0,0,4,0,0,0,0,0,0,0,0,0,0,1,7,74,75
1.16667,-9.83333,1,10,0,"N",9,50,0,"W",0,"9.5","10","top_core","",-4809,NA,"Atlantic ocean",NA,0,0,0,0,0,0,0,0,0,0,0,0,0,0,0,0,0,0,0,0,0,0,0,0,0,0,0,0,0,0,0,0,1,0,0,0,0,0,0,0,0,0,0,0,0,0,0,0,0,0,0,0,0,0,0,0,0,0,0,1,1,1
-13.51667,114,13,31,0,"S",114,0,0,"E",1,"tow","tow","tow","50",-5228,NA,"Indian ocean",18593,0,0,0,0,0,0,0,0,0,0,0,0,0,3,0,0,0,0,0,0,0,0,0,0,0,0,19,0,0,0,0,0,0,0,0,1,0,0,0,0,0,0,0,0,0,0,0,0,0,0,0,0,0,0,0,0,0,0,1,3,23,24
-15.925,-117.23,15,55,30,"S",117,13,48,"W",0,"0","1","top_core","3394",-3225,169,"Pacific ocean",16366,0,0,0,0,0,0,0,0,0,0,0,0,0,0,0,0,0,0,0,0,0,0,0,0,0,0,0,0,0,0,0,0,0,0,0,0,0,0,0,7,0,0,0,0,0,0,0,0,0,0,0,0,0,0,0,0,0,0,0,1,7,7
4.483333,-3.983333,4,29,0,"N",3,59,0,"W",1,"tow","tow","tow","< 100",-2800,NA,"Atlantic ocean near coast",18567,0,0,0,0,0,0,0,0,0,0,0,0,0,0,0,0,0,0,0,0,0,0,0,0,0,0,0,0,0,0,0,0,0,0,0,0,0,0,0,0,0,0,0,0,0,0,0,0,0,0,0,0,47,0,0,0,0,0,0,1,47,47
7.516667,96.183333,7,31,0,"N",96,11,0,"E",1,"tow","tow","tow","0-164",-806,NA,"Indian ocean/Andaman sea",18716,0,0,0,0,0,0,0,0,0,0,0,0,0,0,0,0,0,0,0,0,0,0,0,0,0,0,0,0,0,0,0,0,0,0,0,0,0,0,0,0,0,0,0,0,0,0,0,0,0,0,0,0,0,0,0,0,0,0,16,0,0,16
33.216667,-18.216667,33,13,0,"N",18,13,0,"W",0,"no_info","no_info","no_info","3018",-3194,-176,"Atlantic ocean",31684,0,0,0,0,0,0,0,0,0,0,0,0,0,0,0,0,0,0,0,0,0,0,0,0,0,0,0,0,0,0,0,0,0,0,0,0,0,0,0,0,0,0,0,0,0,0,0,0,0,0,0,0,0,0,0,0,0,0,94,0,0,94
-4.341667,56.283333,4,20,30,"S",56,17,0,"E",1,"tow","tow","tow","33",-34,NA,"Pacific ocean/Seychelles",19259,0,0,0,0,0,0,0,0,0,0,0,0,0,0,0,0,0,0,0,0,0,0,0,0,0,0,0,0,0,0,0,0,0,0,0,0,0,0,0,0,0,0,0,0,0,0,0,0,0,0,0,0,0,0,0,0,0,0,45,0,0,45
-46,-123,46,0,0,"S",123,0,0,"W",0,"no_info","no_info","no_info","",-4012,NA,"Pacific ocean",NA,0,0,0,0,0,0,0,0,0,0,0,0,0,0,0,0,0,0,0,0,0,0,5,0,0,0,0,0,0,0,0,0,0,0,0,0,0,0,0,0,0,0,0,0,0,0,0,0,0,0,0,0,0,0,0,0,0,0,0,1,5,5
5.566667,83.633333,5,34,0,"N",83,38,0,"E",1,"tow","tow","tow","50",-4052,NA,"Indian ocean",18585,0,0,0,0,0,0,0,1,0,0,0,0,0,10,0,0,0,0,0,0,0,0,0,0,0,0,3,0,0,0,0,0,4,0,0,0,0,0,0,0,0,0,5,0,9,0,0,2,0,0,0,0,0,0,0,0,0,0,1,7,34,35
14.30833,72.73667,14,18,30,"N",72,44,12,"E",1,"tow","tow","tow","0-150",-2016,NA,"Indian ocean near coast",NA,0,0,0,0,0,0,0,0,0,0,0,0,0,0,0,0,0,0,0,0,0,0,0,0,0,0,7,0,0,0,0,0,0,0,0,0,0,0,0,0,0,0,0,0,0,0,0,0,0,0,0,0,0,0,0,0,0,0,0,1,7,7
4.85,118.585,4,51,0,"N",118,35,6,"E",0,"no_info","no_info","no_info","76.81",-4,72.81,"Darvel Bay / Pacific Ocean",15857,0,0,0,0,0,0,0,0,0,0,0,0,0,0,0,0,0,0,0,0,0,0,0,0,0,0,12,0,0,0,0,0,0,0,0,0,0,0,0,0,0,0,0,0,0,0,0,0,0,0,0,0,0,0,0,0,0,0,12,1,12,24
0.96667,-4.06667,0,58,0,"N",4,4,0,"W",1,"tow","tow","tow","< 100",-5111,NA,"Atlantic ocean",18569,0,0,0,0,0,0,0,0,0,0,0,0,0,0,0,0,0,0,0,0,0,0,0,0,0,0,44,0,0,0,0,0,0,0,0,0,0,0,0,0,0,0,0,0,0,0,0,0,0,0,0,0,0,0,0,0,0,0,0,1,44,44
5.91667,80.11667,5,55,0,"N",80,7,0,"E",1,"tow","tow","tow","50",-70,NA,"Indian ocean near coast",18583,0,0,0,0,0,0,0,0,0,0,0,0,0,7,0,0,0,0,0,0,0,0,0,0,0,0,1,0,0,0,0,0,4,0,0,0,0,0,0,0,0,0,9,0,6,0,0,0,0,0,0,0,0,0,0,0,0,0,0,5,27,27
-6.71667,114.43333,6,43,0,"S",114,26,0,"E",1,"tow","tow","tow","50",-77,NA,"Java Sea",18591,0,0,0,0,0,0,0,0,0,0,0,0,0,0,0,0,0,0,0,0,0,0,0,0,0,0,23,0,0,0,0,0,0,0,0,0,0,0,0,0,0,0,5,0,6,0,0,0,0,0,0,0,0,0,0,0,0,0,0,3,34,34
-13.53333,114.01667,13,32,0,"S",114,1,0,"E",1,"tow","tow","tow","50",-5222,NA,"Indian ocean",18610,0,0,0,0,0,0,0,0,0,0,0,0,0,0,0,0,0,0,0,0,0,0,0,0,0,0,9,0,0,0,0,0,0,0,0,0,0,0,0,0,0,0,0,0,0,0,0,0,0,0,0,0,0,0,0,0,0,0,0,1,9,9
-28.38333,112.98333,28,23,0,"S",112,59,0,"E",1,"tow","tow","tow","50",-866,NA,"Indian ocean near coast",18618,0,0,0,0,0,0,0,0,0,0,0,0,0,11,0,0,0,0,0,0,0,0,0,0,0,0,14,0,0,0,0,0,0,0,0,0,0,0,0,0,0,0,0,0,0,0,0,0,0,0,0,0,0,0,0,0,0,0,2,2,25,27
-26.08333,111.56667,26,5,0,"S",111,34,0,"E",1,"tow","tow","tow","50",-1155,NA,"Indian ocean near coast",18615,0,0,0,0,0,0,0,0,0,0,0,0,0,2,0,0,0,0,0,0,0,0,0,0,0,0,10,0,0,0,0,0,2,0,0,0,0,0,0,0,0,0,1,0,1,0,0,0,0,0,0,0,0,0,0,0,0,0,0,5,16,16
-24.55,112.51667,24,33,0,"S",112,31,0,"E",1,"tow","tow","tow","50",-114,NA,"Indian ocean near coast",18614,0,0,0,0,0,0,0,0,0,0,0,0,0,2,0,0,0,0,0,0,0,0,0,0,0,0,10,0,0,0,0,0,0,0,0,0,0,0,0,0,0,0,0,0,2,0,0,1,0,0,0,0,0,3,0,0,0,0,0,5,18,18
2.93333,167.23333,2,56,0,"N",167,14,0,"E",0,"443","446","deep_core","4428",-4436,-8,"Pacific ocean",18538,0,0,0,0,0,0,0,0,0,0,0,0,0,0,0,0,0,0,0,0,0,0,0,0,0,0,6,0,0,0,0,0,0,0,0,0,0,0,0,0,0,0,0,0,0,0,0,0,0,0,0,0,0,0,0,0,0,0,0,1,6,6
4.785,118.725,4,47,6,"N",118,43,30,"E",0,"no_info","no_info","no_info","",-15,NA,"Darvel Bay / Pacific Ocean",17156,0,0,0,0,0,0,0,0,0,0,0,0,0,0,0,0,0,0,0,0,0,0,0,0,0,0,0,0,0,0,0,0,0,0,0,0,0,0,0,0,0,0,0,0,0,0,0,0,0,0,0,0,0,0,0,0,0,0,54,0,0,54
-4.19083,41.18333,4,11,27,"S",41,11,0,"E",0,"105","107","deep_core","",-1974,NA,"Indian ocean near coast",30577,0,0,0,0,0,0,0,0,0,0,0,0,0,0,0,0,0,0,0,0,0,0,0,0,0,0,0,0,0,0,0,0,0,0,12,0,0,0,0,0,0,0,0,0,0,0,0,0,0,0,0,0,0,0,0,0,0,0,0,1,12,12
-28.18333,-44.28333,28,11,0,"S",44,17,0,"W",1,"tow","tow","tow","",-3523,NA,"Atlantic ocean",18270,0,0,0,0,0,0,0,0,0,0,0,0,0,0,0,0,0,0,0,0,0,0,0,0,0,0,0,0,0,0,0,0,0,0,0,0,0,0,0,0,0,0,0,0,41,0,0,0,0,0,0,0,0,0,0,0,0,0,0,1,41,41
-30.51667,-43,30,31,0,"S",43,0,0,"W",1,"tow","tow","tow","",-3889,NA,"Atlantic ocean",18271,0,0,0,0,0,0,0,0,0,0,0,0,0,0,0,0,0,0,0,0,0,0,0,0,0,0,0,0,0,0,0,0,0,0,0,0,0,0,0,0,0,0,0,0,1,0,0,0,0,0,0,0,0,0,0,0,0,0,0,1,1,1
5.067,90.36667,5,4,0,"N",90,22,0,"E",1,"tow","tow","tow","50",-3295,NA,"Indian ocean",18588,0,0,0,0,0,0,0,0,0,0,0,0,0,7,0,0,0,0,0,0,0,0,0,0,0,0,0,0,0,0,0,0,5,0,0,0,0,0,0,0,0,0,10,0,14,0,0,7,0,0,0,0,0,0,0,0,0,0,0,5,43,43
-28.18333,-43,28,11,0,"S",43,0,0,"W",1,"tow","tow","tow","",-3012,NA,"Atlantic ocean",18329,0,0,0,0,0,0,0,0,0,0,0,0,0,0,0,0,0,0,0,0,0,0,0,0,0,0,0,0,0,0,0,0,0,0,0,0,0,0,0,0,0,0,31,0,0,0,0,0,0,0,0,0,0,0,0,0,0,0,0,1,31,31
0.5,-4.11667,0,30,0,"N",4,7,0,"W",1,"tow","tow","tow","< 100",-5122,NA,"Atlantic ocean",18568,0,0,0,0,0,0,0,0,0,0,0,0,0,0,0,0,0,0,0,0,0,0,0,0,0,0,0,0,0,0,0,0,0,0,0,0,0,0,0,0,0,0,32,0,0,0,0,0,0,0,0,0,0,0,0,0,0,0,0,1,32,32
9.55,-48.26667,9,33,0,"N",48,16,0,"W",1,"tow","tow","tow","< 100",-4756,NA,"Atlantic ocean",18574,0,0,0,0,0,0,0,0,0,0,0,0,0,0,0,0,0,0,0,0,0,0,0,0,0,0,0,0,0,0,0,0,0,0,0,0,0,0,0,0,0,0,47,0,0,0,0,0,0,0,0,0,0,0,0,0,0,0,0,1,47,47
2.617,-12,2,37,0,"N",12,0,0,"W",0,"450","450","deep_core","",-4431,NA,"Atlantic ocean",18634,0,0,0,0,0,0,0,0,0,0,0,0,0,0,0,0,0,0,0,0,0,0,0,0,0,0,0,0,0,0,0,0,0,0,0,0,0,0,0,0,0,0,0,0,0,0,0,0,0,0,0,0,0,0,0,0,0,0,2,0,0,2
13.93,70.833,13,55,48,"N",70,50,0,"E",1,"tow","tow","tow","0-200",-2503,NA,"Indian ocean/Arabian sea",NA,0,0,0,0,0,0,0,0,0,0,0,0,0,9,0,0,0,0,0,0,0,0,0,0,0,0,0,0,0,0,0,0,0,0,0,0,0,0,0,0,0,0,0,0,0,0,0,0,0,0,0,0,0,0,0,0,0,0,0,1,9,9
10.483,-17.483,10,29,0,"N",17,29,0,"W",1,"tow","tow","tow","< 100",-621,NA,"Indian ocean near coast",18570,0,0,0,0,0,0,0,0,0,0,0,0,0,14,0,0,0,0,0,0,0,0,0,0,0,0,0,0,0,0,0,0,0,0,0,0,0,0,0,0,0,0,0,0,0,0,0,0,0,0,0,0,0,0,0,0,0,0,0,1,14,14
16.6,-74.8,16,36,0,"N",74,48,0,"W",0,"9","9","top_core","",-3055,NA,"Caribbean Sea",18649,0,0,0,0,0,0,0,0,0,0,0,0,0,0,0,0,0,0,0,0,0,0,0,0,0,0,0,0,0,0,0,0,0,0,0,0,0,0,0,0,0,0,0,0,0,0,0,0,0,0,0,0,0,0,0,0,0,0,34,0,0,34
-4.517,168.033,4,31,0,"S",168,2,0,"E",0,"core = 6","core = 6","many_cores","3208",-3244,-36,"Pacific ocean",18545,0,0,0,1,0,0,0,0,0,0,1,11,0,0,0,0,0,0,0,0,0,0,0,0,0,0,0,0,0,0,0,0,18,0,0,0,0,0,17,0,0,0,0,0,0,0,0,0,20,0,0,2,0,0,0,0,0,0,16,7,70,86
7.75,144.333,7,45,0,"N",144,20,0,"E",0,"no_info","no_info","no_info","3383",-3063,320,"Pacific ocean",33712,0,0,0,0,0,0,0,0,0,0,0,0,0,0,0,0,0,0,0,0,0,0,0,0,0,0,0,0,0,0,0,0,0,0,0,0,0,0,0,0,0,0,0,0,0,0,0,13,0,0,0,0,0,0,0,0,0,0,0,1,13,13
-22.35,112.43333,22,21,0,"S",112,26,0,"E",1,"tow","tow","tow","50",-3340,NA,"Indian ocean",18613,0,0,0,0,0,0,0,0,0,0,0,0,0,0,0,0,0,0,0,0,0,0,0,0,0,0,0,0,0,0,0,0,0,0,0,0,0,0,0,0,0,0,0,0,0,0,0,1,0,0,0,0,0,0,0,0,0,0,0,1,1,1
4.805,118.62,4,48,18,"N",118,37,12,"E",0,"no_info","no_info","no_info","82.3",-5,77.3,"Darvel Bay / Pacific Ocean",15861,0,0,0,0,0,0,0,0,0,0,0,0,0,0,0,0,0,0,0,0,0,0,0,0,0,0,0,0,0,0,0,0,0,0,0,0,0,0,0,0,0,0,0,0,0,0,0,0,0,0,0,0,0,0,0,0,0,0,4,0,0,4
32.15,-64.81667,32,9,0,"N",64,49,0,"W",0,"0","4","top_core","2347",-3141,-794,"Bermuda/Atlantic",18676,0,0,0,0,0,0,0,0,0,0,0,0,0,0,0,0,0,0,0,0,0,0,0,0,0,0,0,0,0,0,0,0,0,0,0,0,0,0,0,0,0,0,0,0,0,0,0,0,0,0,0,0,0,0,0,0,0,0,40,0,0,40
-39.70833,-6.05,39,42,30,"S",6,3,0,"W",0,"no_info","no_info","no_info","446",-801,-355,"Atlantic ocean",15795,0,0,0,0,0,0,0,0,0,0,0,0,0,0,0,0,0,0,0,0,0,0,0,0,0,0,0,0,0,0,0,0,0,0,0,0,0,0,0,0,0,0,0,0,0,0,0,0,0,0,0,0,0,0,0,0,0,0,157,0,0,157
30.9,-78.683,30,54,0,"N",78,41,0,"W",0,"no_info","no_info","no_info","823",-821,2,"Atlantic ocean near coast",16621,0,0,0,0,0,0,0,0,0,0,0,0,0,0,0,0,0,0,0,0,0,0,0,0,0,0,0,0,0,0,0,0,0,0,0,0,0,0,0,0,0,0,0,0,0,0,0,0,0,0,0,0,0,47,0,0,0,0,0,1,47,47
56.683,-18.775,56,41,0,"N",18,46,30,"W",0,"no_info","no_info","no_info","1309",-1306,3,"Atlantic ocean near Arctic",12776,0,0,0,0,0,0,0,0,0,0,0,0,0,0,0,0,0,0,0,0,0,0,0,0,0,0,0,0,0,0,0,0,0,0,20,0,0,0,0,0,0,0,0,0,0,0,0,0,0,0,0,0,0,0,0,0,0,0,0,1,20,20
39.208,-70.242,39,12,30,"N",70,14,30,"W",0,"no_info","no_info","no_info","2710",-2731,-21,"Atlantic ocean",31945,0,0,0,0,0,0,0,0,0,0,0,0,0,0,0,0,0,0,0,0,0,0,66,0,0,0,0,0,0,0,0,0,0,0,15,0,0,0,0,0,0,0,0,0,0,0,0,0,0,0,0,0,0,0,0,0,0,0,0,2,81,81
-0.027,-15.942,0,1,36,"S",15,56,30,"W",0,"no_info","no_info","no_info","3374",-3226,148,"Atlantic ocean",34297,0,0,0,0,0,0,0,0,0,0,0,0,0,0,0,0,0,0,0,0,0,0,0,0,0,0,55,0,0,0,0,0,0,0,0,0,0,0,0,0,0,0,0,0,0,0,0,0,0,0,0,0,0,0,0,0,0,0,0,1,55,55
-60.233,-94.817,60,14,0,"S",94,49,0,"W",1,"tow","tow","tow","0-200",-4535,NA,"Atlantic ocean",30494,0,0,0,0,0,0,0,0,0,0,0,0,0,0,0,0,0,0,0,0,0,0,0,0,0,0,0,0,0,0,0,0,0,0,0,0,0,0,0,0,0,0,0,0,0,0,0,0,0,0,0,0,0,0,0,0,6,0,0,1,6,6
18.233,-76.6,18,14,0,"N",76,36,0,"W",0,"no_info","no_info","no_info","",-5,NA,"Atlantic Ocean near Jamaica",16480,0,0,0,0,0,0,0,0,0,0,0,0,0,0,0,0,0,0,0,0,0,0,0,0,0,0,5,0,0,0,0,0,0,0,0,0,0,0,0,0,0,0,0,0,0,0,0,0,0,0,0,0,0,0,0,0,0,0,0,1,5,5
2.9,-33.158,2,54,0,"N",33,9,30,"W",0,"no_info","no_info","no_info","",-3543,NA,"Atlantic ocean",18564,0,0,0,0,0,0,0,0,0,0,0,0,0,0,0,0,0,0,0,0,0,0,0,0,0,0,57,0,0,0,0,0,0,0,0,0,0,0,0,0,0,0,0,0,0,0,0,0,0,0,0,0,0,0,0,0,0,0,0,1,57,57
-17.2,88.683,17,12,0,"S",88,41,0,"E",0,"101","104","deep_core","2706",-2741,-35,"Indian ocean",18562,0,0,0,0,0,0,0,0,0,0,0,0,0,0,0,0,0,0,0,0,0,0,0,0,0,0,0,0,0,0,0,0,0,0,0,0,0,0,0,0,0,0,0,0,0,0,0,0,0,0,0,6,0,0,0,0,0,0,67,1,6,73
-24.7,73.083,24,42,0,"S",73,5,0,"E",0,"core = 2","core = 2","many_cores","3600",-4413,-813,"Indian ocean",18487,0,0,0,0,0,0,0,0,0,0,0,0,0,0,0,0,0,0,0,0,0,0,0,0,0,0,0,0,0,0,0,0,0,0,0,0,0,0,0,0,0,0,0,0,0,0,0,0,0,0,0,12,0,0,0,0,0,0,56,1,12,68
15.217,145.767,15,13,0,"N",145,46,0,"E",0,"land","land","land","",5,NA,"Saipan Island limestone",17204,0,0,0,0,0,0,0,0,0,0,0,0,0,0,0,0,0,0,0,0,0,0,0,0,0,0,0,0,4,0,13,0,0,0,0,0,0,0,0,0,0,0,0,0,0,0,0,0,0,0,0,0,0,0,0,0,0,0,0,2,17,17
2.933,167.233,2,56,0,"N",167,14,0,"E",0,"203","206","deep_core","",-4436,NA,"Pacific ocean",18537,1,0,0,0,0,0,0,0,0,0,0,0,0,0,0,0,0,0,0,0,0,0,0,0,0,0,0,0,0,0,0,0,0,0,0,0,0,0,0,0,0,0,0,0,0,0,0,0,0,0,0,0,0,0,0,0,0,0,0,1,1,1
10.3,162.1,10,18,0,"N",162,6,0,"E",0,"10","10","top_core","1829",-1588,241,"Pacific ocean",16479,0,0,0,0,0,0,0,0,0,0,0,0,0,0,0,0,0,0,0,0,0,0,0,0,0,0,0,0,0,0,0,0,0,0,0,0,0,0,0,0,0,0,0,0,0,0,0,0,0,0,0,0,0,0,0,0,0,0,2,0,0,2
6.9,-131,6,54,0,"N",131,0,0,"W",0,"3","10","top_core","4340",-4391,-51,"Pacific ocean",16969,0,0,0,0,0,0,0,0,0,0,0,0,0,0,0,0,0,0,0,0,0,0,0,0,0,0,0,0,0,0,0,0,0,0,0,0,0,0,0,0,0,0,0,0,0,0,0,0,0,0,0,0,0,0,0,0,0,0,164,0,0,164
14.373,-133.112,14,22,24,"N",133,6,42,"W",0,"9","16","top_core","",-5167,NA,"Pacific ocean",16974,0,0,0,0,0,0,0,0,0,0,0,0,0,0,0,0,0,0,0,0,0,0,0,0,0,0,0,0,0,0,0,0,0,0,0,0,0,0,0,0,0,0,0,0,0,0,0,0,0,0,0,0,0,0,0,0,0,0,127,0,0,127
-41.967,-0.25,41,58,0,"S",0,15,0,"W",0,"core = 3","core = 3","many_cores","",-624,NA,"Atlantic ocean",19790,0,0,0,0,0,0,0,0,0,0,0,0,0,0,0,0,0,0,0,0,0,0,44,0,0,0,0,0,0,0,0,0,0,0,0,0,0,0,0,0,0,0,0,0,0,0,0,0,0,0,0,0,0,0,0,0,0,0,229,1,44,273
36.543,13.092,36,32,36,"N",13,5,30,"E",0,"core = 15","core = 15","many_cores","",-1620,NA,"Mediterranean sea",14259,0,0,0,0,0,0,0,0,0,0,0,0,0,0,0,0,0,0,0,0,0,0,0,0,0,0,0,0,0,0,0,0,0,0,0,0,0,0,0,0,0,0,0,0,0,0,0,0,0,0,0,0,0,0,0,0,0,0,988,0,0,988
13.221083,-59.555147,13,13,15,"N",59,33,18,"W",0,"land","land","land","",255,NA,"Bissex Hill, Barbados",NA,0,0,24,0,0,0,0,0,0,0,7,0,0,0,4,12,2,0,4,0,0,0,0,0,9,22,0,0,0,0,0,0,0,0,0,0,0,0,0,0,0,0,0,0,0,8,0,1,0,0,0,0,0,0,0,0,0,20,163,11,113,276
