"lat","long","Sample_depth_min_cm","Sample_depth_max_cm","sample_type","Sea_Depth_meters_NOAA","Ocean","OBD_IRN","adamsi","bulloides","calida","conglobatus","conglomerata","crassaformis","dehiscens","digitata","dutertrei","falconensis","hexagona","hirsuta","humilis","inflata","menardii","obliquiloculata","pachyderma","quinqueloba","ruber","rubescens","sacculifera","scitula","siphonifera","tenellus","trilobus","truncatulinoides","tumida","universa","glutinata","iota","nitida","pelagica","uvula","various","ssp_richness","total_idind","total_ind"
-41.967,-0.25,"100","100","deep_core",-624,"Atlantic ocean",19790,0,0,0,0,0,0,0,0,0,0,0,0,0,44,0,0,0,0,0,0,0,0,0,0,0,0,0,0,0,0,0,0,0,229,1,44,273
-27.93333,-106.91667,"13","20","deep_core",-3039,"Pacific Ocean",16651,0,0,0,17,0,0,6,10,0,0,2,0,0,9,0,0,0,3,13,0,12,0,0,8,0,14,0,0,15,0,4,0,0,43,12,113,156
-24.7,73.083,"103","106","deep_core",-4413,"Indian ocean",18487,0,0,0,0,0,0,0,0,0,0,0,0,0,0,0,0,0,0,0,0,0,0,0,0,0,0,0,0,0,0,0,0,0,68,0,0,68
-19.475,-173.73333,"5","10","deep_core",-4347,"Pacific ocean",16365,0,0,0,14,0,8,4,0,0,0,0,0,0,0,0,0,0,0,18,0,15,8,0,6,0,0,0,7,0,0,5,0,0,12,9,85,97
-18.35,62.06667,"99","102","deep_core",-3407,"Indian ocean",18483,0,0,6,18,0,62,19,1,0,11,2,0,12,2,23,27,3,0,18,6,0,2,0,0,0,0,13,15,8,0,1,0,1,165,20,250,415
-18.35,62.06667,"251","254","deep_core",-3407,"Indian ocean",18483,0,0,6,18,0,62,19,1,0,11,2,0,12,2,23,27,3,0,18,6,0,2,0,0,0,0,13,15,8,0,1,0,1,165,20,250,415
-17.2,88.683,"101","104","deep_core",-2741,"Indian ocean",18562,0,0,0,0,0,0,0,0,0,0,0,0,0,0,0,0,0,0,0,0,0,0,0,0,0,0,0,0,0,0,0,0,0,73,0,0,73
-15.66667,112.73333,"33","36","deep_core",-4291,"Indian ocean",18480,0,0,0,0,0,6,0,0,0,0,0,0,0,0,0,0,0,0,0,0,0,0,0,0,0,0,0,0,0,0,0,0,0,102,1,6,108
-15.66667,112.73333,"20","22","deep_core",-4291,"Indian ocean",18480,0,0,0,0,0,6,0,0,0,0,0,0,0,0,0,0,0,0,0,0,0,0,0,0,0,0,0,0,0,0,0,0,0,102,1,6,108
-14.26667,-119.18333,"544","546","deep_core",-3735,"Pacific ocean",18529,0,0,0,16,0,9,10,2,0,0,11,0,0,0,21,0,0,6,17,0,53,2,0,0,0,3,14,7,0,0,3,0,0,646,14,174,820
-14.26667,-119.18333,"503","505","deep_core",-3735,"Pacific ocean",18529,0,0,0,16,0,9,10,2,0,0,11,0,0,0,21,0,0,6,17,0,53,2,0,0,0,3,14,7,0,0,3,0,0,646,14,174,820
-14.26667,-119.18333,"575","578","deep_core",-3735,"Pacific ocean",18529,0,0,0,16,0,9,10,2,0,0,11,0,0,0,21,0,0,6,17,0,53,2,0,0,0,3,14,7,0,0,3,0,0,646,14,174,820
-14.26667,-119.18333,"488","490","deep_core",-3735,"Pacific ocean",18529,0,0,0,16,0,9,10,2,0,0,11,0,0,0,21,0,0,6,17,0,53,2,0,0,0,3,14,7,0,0,3,0,0,646,14,174,820
-14.26667,-119.18333,"789","791","deep_core",-3735,"Pacific ocean",18529,0,0,0,16,0,9,10,2,0,0,11,0,0,0,21,0,0,6,17,0,53,2,0,0,0,3,14,7,0,0,3,0,0,646,14,174,820
-14.26667,-119.18333,"626","629","deep_core",-3735,"Pacific ocean",18529,0,0,0,16,0,9,10,2,0,0,11,0,0,0,21,0,0,6,17,0,53,2,0,0,0,3,14,7,0,0,3,0,0,646,14,174,820
-14.26667,-119.18333,"381","384","deep_core",-3735,"Pacific ocean",18529,0,0,0,16,0,9,10,2,0,0,11,0,0,0,21,0,0,6,17,0,53,2,0,0,0,3,14,7,0,0,3,0,0,646,14,174,820
-9.75,-34.4,"400","403","deep_core",-4123,"Atlantic ocean near Brazil",17359,0,14,0,35,0,0,7,5,0,0,0,16,0,0,77,7,0,0,33,18,47,0,0,11,0,17,13,5,19,0,35,0,0,275,16,359,634
-9.75,-34.4,"125","128","deep_core",-4123,"Atlantic ocean near Brazil",17359,0,14,0,35,0,0,7,5,0,0,0,16,0,0,77,7,0,0,33,18,47,0,0,11,0,17,13,5,19,0,35,0,0,275,16,359,634
-4.517,168.033,"497","500","deep_core",-3244,"Pacific ocean",18545,0,0,0,0,0,0,1,0,0,0,0,0,0,0,0,18,0,0,0,0,0,0,0,0,0,0,0,0,0,0,0,0,0,67,2,19,86
-4.517,168.033,"465","468","deep_core",-3244,"Pacific ocean",18545,0,0,0,0,0,0,1,0,0,0,0,0,0,0,0,18,0,0,0,0,0,0,0,0,0,0,0,0,0,0,0,0,0,67,2,19,86
-4.517,168.033,"103","105","deep_core",-3244,"Pacific ocean",18545,0,0,0,0,0,0,1,0,0,0,0,0,0,0,0,18,0,0,0,0,0,0,0,0,0,0,0,0,0,0,0,0,0,67,2,19,86
-4.517,168.033,"68","70","deep_core",-3244,"Pacific ocean",18545,0,0,0,0,0,0,1,0,0,0,0,0,0,0,0,18,0,0,0,0,0,0,0,0,0,0,0,0,0,0,0,0,0,67,2,19,86
-4.517,168.033,"89","91","deep_core",-3244,"Pacific ocean",18545,0,0,0,0,0,0,1,0,0,0,0,0,0,0,0,18,0,0,0,0,0,0,0,0,0,0,0,0,0,0,0,0,0,67,2,19,86
-4.517,168.033,"150","153","deep_core",-3244,"Pacific ocean",18545,0,0,0,0,0,0,1,0,0,0,0,0,0,0,0,18,0,0,0,0,0,0,0,0,0,0,0,0,0,0,0,0,0,67,2,19,86
-4.19083,41.18333,"105","107","deep_core",-1974,"Indian ocean near coast",30577,0,0,0,0,0,0,0,0,0,0,0,0,0,0,0,0,12,0,0,0,0,0,0,0,0,0,0,0,0,0,0,0,0,0,1,12,12
1.97,77.98,"56","60","deep_core",-4375,"Indian ocean",2229293,0,0,0,0,23,0,0,0,0,0,16,0,0,0,0,0,0,0,0,0,0,0,0,0,0,0,0,0,0,0,0,0,0,0,2,39,39
2.617,-12,"450","450","deep_core",-4431,"Atlantic ocean",18634,0,0,0,0,0,0,0,0,0,0,0,0,0,0,0,0,0,0,0,0,0,0,0,0,0,0,0,0,0,0,0,0,0,2,0,0,2
2.933,167.233,"203","206","deep_core",-4436,"Pacific ocean",18537,0,0,0,0,0,0,0,0,0,0,0,0,0,0,0,0,0,0,0,0,0,0,0,0,0,0,0,0,0,0,0,0,0,1,0,0,1
2.93333,167.23333,"443","446","deep_core",-4436,"Pacific ocean",18538,0,0,0,0,0,0,0,0,0,0,0,0,0,0,6,0,0,0,0,0,0,0,0,0,0,0,0,0,0,0,0,0,0,0,1,6,6
3.86667,65.51667,"22","23","deep_core",-3663,"Indian ocean",17338,0,28,0,20,25,0,6,0,0,0,3,0,0,0,31,23,16,0,29,5,27,8,0,4,0,5,26,0,26,0,0,0,0,74,16,282,356
3.86667,65.51667,"40","43","deep_core",-3663,"Indian ocean",17338,0,28,0,20,25,0,6,0,0,0,3,0,0,0,31,23,16,0,29,5,27,8,0,4,0,5,26,0,26,0,0,0,0,74,16,282,356
3.86667,65.51667,"50","51","deep_core",-3663,"Indian ocean",17338,0,28,0,20,25,0,6,0,0,0,3,0,0,0,31,23,16,0,29,5,27,8,0,4,0,5,26,0,26,0,0,0,0,74,16,282,356
7.19333,63.0425,"4","5.5","deep_core",-4346,"Indian ocean",30724,1,0,0,11,4,8,7,6,0,0,6,0,10,0,5,8,13,0,15,6,9,0,0,6,0,6,9,4,6,0,2,0,0,38,20,142,180
7.19333,63.0425,"41","42","deep_core",-4346,"Indian ocean",30724,1,0,0,11,4,8,7,6,0,0,6,0,10,0,5,8,13,0,15,6,9,0,0,6,0,6,9,4,6,0,2,0,0,38,20,142,180
7.19333,63.0425,"20","21.5","deep_core",-4346,"Indian ocean",30724,1,0,0,11,4,8,7,6,0,0,6,0,10,0,5,8,13,0,15,6,9,0,0,6,0,6,9,4,6,0,2,0,0,38,20,142,180
7.19333,63.0425,"10","10","deep_core",-4346,"Indian ocean",30724,1,0,0,11,4,8,7,6,0,0,6,0,10,0,5,8,13,0,15,6,9,0,0,6,0,6,9,4,6,0,2,0,0,38,20,142,180
7.19333,63.0425,"12","13","deep_core",-4346,"Indian ocean",30724,1,0,0,11,4,8,7,6,0,0,6,0,10,0,5,8,13,0,15,6,9,0,0,6,0,6,9,4,6,0,2,0,0,38,20,142,180
7.19333,63.0425,"15","16","deep_core",-4346,"Indian ocean",30724,1,0,0,11,4,8,7,6,0,0,6,0,10,0,5,8,13,0,15,6,9,0,0,6,0,6,9,4,6,0,2,0,0,38,20,142,180
13.25,-40.66667,"950","953","deep_core",-4298,"Atlantic ocean",17382,0,23,0,27,0,0,38,4,0,0,0,16,0,0,3,30,18,0,26,0,43,0,0,12,0,33,0,0,30,0,6,0,0,67,14,309,376
14.373,-133.112,"9","16","deep_core",-5167,"Pacific ocean",16974,0,0,0,0,0,0,0,0,0,0,0,0,0,0,0,0,0,0,0,0,0,0,0,0,0,0,0,0,0,0,0,0,0,127,0,0,127
17.275,-48.41667,"55","58","deep_core",-3881,"Atlantic ocean",17371,0,36,0,61,17,13,32,2,0,0,2,2,0,0,122,27,0,0,94,11,96,0,0,32,0,54,0,0,47,0,35,0,0,322,17,683,1005
17.275,-48.41667,"80","82","deep_core",-3881,"Atlantic ocean",17371,0,36,0,61,17,13,32,2,0,0,2,2,0,0,122,27,0,0,94,11,96,0,0,32,0,54,0,0,47,0,35,0,0,322,17,683,1005
17.275,-48.41667,"405","408","deep_core",-3881,"Atlantic ocean",17371,0,36,0,61,17,13,32,2,0,0,2,2,0,0,122,27,0,0,94,11,96,0,0,32,0,54,0,0,47,0,35,0,0,322,17,683,1005
17.275,-48.41667,"205","208","deep_core",-3881,"Atlantic ocean",17371,0,36,0,61,17,13,32,2,0,0,2,2,0,0,122,27,0,0,94,11,96,0,0,32,0,54,0,0,47,0,35,0,0,322,17,683,1005
21.11667,-72.85,"151","152","deep_core",-2910,"Atlantic ocean near islands",17163,0,25,0,35,0,21,50,1,0,0,0,23,0,0,30,25,0,0,64,0,61,0,0,14,0,23,0,3,15,0,23,0,0,197,15,413,610
21.11667,-72.85,"402","402","deep_core",-2910,"Atlantic ocean near islands",17163,0,25,0,35,0,21,50,1,0,0,0,23,0,0,30,25,0,0,64,0,61,0,0,14,0,23,0,3,15,0,23,0,0,197,15,413,610
21.11667,-72.85,"421","422","deep_core",-2910,"Atlantic ocean near islands",17163,0,25,0,35,0,21,50,1,0,0,0,23,0,0,30,25,0,0,64,0,61,0,0,14,0,23,0,3,15,0,23,0,0,197,15,413,610
21.2,-45.35,"205","208","deep_core",-3182,"Atlantic ocean",17348,0,14,0,71,0,0,83,0,0,0,0,0,0,0,115,33,0,0,101,0,83,0,0,56,0,82,4,0,67,0,32,0,0,313,12,741,1054
21.2,-45.35,"545","548","deep_core",-3182,"Atlantic ocean",17348,0,14,0,71,0,0,83,0,0,0,0,0,0,0,115,33,0,0,101,0,83,0,0,56,0,82,4,0,67,0,32,0,0,313,12,741,1054
21.2,-45.35,"625","628","deep_core",-3182,"Atlantic ocean",17348,0,14,0,71,0,0,83,0,0,0,0,0,0,0,115,33,0,0,101,0,83,0,0,56,0,82,4,0,67,0,32,0,0,313,12,741,1054
26.7,-39.38333,"600","600","deep_core",-4741,"Atlantic ocean",18560,0,0,0,9,0,0,0,0,0,0,0,5,0,0,43,0,0,0,6,14,0,0,0,0,0,0,0,0,0,0,0,1,0,1776,6,78,1854
26.7,-39.38333,"540","540","deep_core",-4741,"Atlantic ocean",18560,0,0,0,9,0,0,0,0,0,0,0,5,0,0,43,0,0,0,6,14,0,0,0,0,0,0,0,0,0,0,0,1,0,1776,6,78,1854
26.7,-39.38333,"530","530","deep_core",-4741,"Atlantic ocean",18560,0,0,0,9,0,0,0,0,0,0,0,5,0,0,43,0,0,0,6,14,0,0,0,0,0,0,0,0,0,0,0,1,0,1776,6,78,1854
26.7,-39.38333,"520","520","deep_core",-4741,"Atlantic ocean",18560,0,0,0,9,0,0,0,0,0,0,0,5,0,0,43,0,0,0,6,14,0,0,0,0,0,0,0,0,0,0,0,1,0,1776,6,78,1854
26.7,-39.38333,"510","510","deep_core",-4741,"Atlantic ocean",18560,0,0,0,9,0,0,0,0,0,0,0,5,0,0,43,0,0,0,6,14,0,0,0,0,0,0,0,0,0,0,0,1,0,1776,6,78,1854
26.7,-39.38333,"500","500","deep_core",-4741,"Atlantic ocean",18560,0,0,0,9,0,0,0,0,0,0,0,5,0,0,43,0,0,0,6,14,0,0,0,0,0,0,0,0,0,0,0,1,0,1776,6,78,1854
26.7,-39.38333,"480","480","deep_core",-4741,"Atlantic ocean",18560,0,0,0,9,0,0,0,0,0,0,0,5,0,0,43,0,0,0,6,14,0,0,0,0,0,0,0,0,0,0,0,1,0,1776,6,78,1854
26.7,-39.38333,"465","465","deep_core",-4741,"Atlantic ocean",18560,0,0,0,9,0,0,0,0,0,0,0,5,0,0,43,0,0,0,6,14,0,0,0,0,0,0,0,0,0,0,0,1,0,1776,6,78,1854
26.7,-39.38333,"430","430","deep_core",-4741,"Atlantic ocean",18560,0,0,0,9,0,0,0,0,0,0,0,5,0,0,43,0,0,0,6,14,0,0,0,0,0,0,0,0,0,0,0,1,0,1776,6,78,1854
26.7,-39.38333,"300","300","deep_core",-4741,"Atlantic ocean",18560,0,0,0,9,0,0,0,0,0,0,0,5,0,0,43,0,0,0,6,14,0,0,0,0,0,0,0,0,0,0,0,1,0,1776,6,78,1854
26.7,-39.38333,"200","200","deep_core",-4741,"Atlantic ocean",18560,0,0,0,9,0,0,0,0,0,0,0,5,0,0,43,0,0,0,6,14,0,0,0,0,0,0,0,0,0,0,0,1,0,1776,6,78,1854
26.7,-39.38333,"145","145","deep_core",-4741,"Atlantic ocean",18560,0,0,0,9,0,0,0,0,0,0,0,5,0,0,43,0,0,0,6,14,0,0,0,0,0,0,0,0,0,0,0,1,0,1776,6,78,1854
26.7,-39.38333,"80","80","deep_core",-4741,"Atlantic ocean",18560,0,0,0,9,0,0,0,0,0,0,0,5,0,0,43,0,0,0,6,14,0,0,0,0,0,0,0,0,0,0,0,1,0,1776,6,78,1854
26.7,-39.38333,"580","580","deep_core",-4741,"Atlantic ocean",18560,0,0,0,9,0,0,0,0,0,0,0,5,0,0,43,0,0,0,6,14,0,0,0,0,0,0,0,0,0,0,0,1,0,1776,6,78,1854
28.4,-77.93333,"500","500","deep_core",-1004,"Atlantic ocean near coast",17162,0,0,0,10,0,0,2,0,0,0,0,9,0,24,17,8,0,0,34,0,26,0,0,0,0,21,0,0,0,0,2,0,0,94,10,153,247
35.68333,-4.08333,"40","40","deep_core",-1500,"Mediterranean sea",NA,0,152,0,0,0,0,0,0,0,0,0,0,0,121,0,0,173,0,123,0,41,0,0,0,0,0,0,35,0,0,0,0,0,369,6,645,1014
35.68333,-4.08333,"80","80","deep_core",-1500,"Mediterranean sea",NA,0,152,0,0,0,0,0,0,0,0,0,0,0,121,0,0,173,0,123,0,41,0,0,0,0,0,0,35,0,0,0,0,0,369,6,645,1014
35.68333,-4.08333,"160","160","deep_core",-1500,"Mediterranean sea",NA,0,152,0,0,0,0,0,0,0,0,0,0,0,121,0,0,173,0,123,0,41,0,0,0,0,0,0,35,0,0,0,0,0,369,6,645,1014
35.68333,-4.08333,"240","240","deep_core",-1500,"Mediterranean sea",NA,0,152,0,0,0,0,0,0,0,0,0,0,0,121,0,0,173,0,123,0,41,0,0,0,0,0,0,35,0,0,0,0,0,369,6,645,1014
35.68333,-4.08333,"340","340","deep_core",-1500,"Mediterranean sea",NA,0,152,0,0,0,0,0,0,0,0,0,0,0,121,0,0,173,0,123,0,41,0,0,0,0,0,0,35,0,0,0,0,0,369,6,645,1014
35.68333,-4.08333,"400","400","deep_core",-1500,"Mediterranean sea",NA,0,152,0,0,0,0,0,0,0,0,0,0,0,121,0,0,173,0,123,0,41,0,0,0,0,0,0,35,0,0,0,0,0,369,6,645,1014
35.68333,-4.08333,"420","420","deep_core",-1500,"Mediterranean sea",NA,0,152,0,0,0,0,0,0,0,0,0,0,0,121,0,0,173,0,123,0,41,0,0,0,0,0,0,35,0,0,0,0,0,369,6,645,1014
35.68333,-4.08333,"440","440","deep_core",-1500,"Mediterranean sea",NA,0,152,0,0,0,0,0,0,0,0,0,0,0,121,0,0,173,0,123,0,41,0,0,0,0,0,0,35,0,0,0,0,0,369,6,645,1014
35.68333,-4.08333,"520","520","deep_core",-1500,"Mediterranean sea",NA,0,152,0,0,0,0,0,0,0,0,0,0,0,121,0,0,173,0,123,0,41,0,0,0,0,0,0,35,0,0,0,0,0,369,6,645,1014
36.543,13.092,"5","6","deep_core",-1620,"Mediterranean sea",14259,0,0,0,0,0,0,0,0,0,0,0,0,0,0,0,0,0,0,0,0,0,0,0,0,0,0,0,0,0,0,0,0,0,988,0,0,988
36.543,13.092,"8","10","deep_core",-1620,"Mediterranean sea",14259,0,0,0,0,0,0,0,0,0,0,0,0,0,0,0,0,0,0,0,0,0,0,0,0,0,0,0,0,0,0,0,0,0,988,0,0,988
36.543,13.092,"12","13","deep_core",-1620,"Mediterranean sea",14259,0,0,0,0,0,0,0,0,0,0,0,0,0,0,0,0,0,0,0,0,0,0,0,0,0,0,0,0,0,0,0,0,0,988,0,0,988
36.543,13.092,"16.5","17.5","deep_core",-1620,"Mediterranean sea",14259,0,0,0,0,0,0,0,0,0,0,0,0,0,0,0,0,0,0,0,0,0,0,0,0,0,0,0,0,0,0,0,0,0,988,0,0,988
36.543,13.092,"20","21","deep_core",-1620,"Mediterranean sea",14259,0,0,0,0,0,0,0,0,0,0,0,0,0,0,0,0,0,0,0,0,0,0,0,0,0,0,0,0,0,0,0,0,0,988,0,0,988
36.543,13.092,"24","26","deep_core",-1620,"Mediterranean sea",14259,0,0,0,0,0,0,0,0,0,0,0,0,0,0,0,0,0,0,0,0,0,0,0,0,0,0,0,0,0,0,0,0,0,988,0,0,988
36.543,13.092,"30","31","deep_core",-1620,"Mediterranean sea",14259,0,0,0,0,0,0,0,0,0,0,0,0,0,0,0,0,0,0,0,0,0,0,0,0,0,0,0,0,0,0,0,0,0,988,0,0,988
36.543,13.092,"35.5","36.5","deep_core",-1620,"Mediterranean sea",14259,0,0,0,0,0,0,0,0,0,0,0,0,0,0,0,0,0,0,0,0,0,0,0,0,0,0,0,0,0,0,0,0,0,988,0,0,988
36.543,13.092,"40","42","deep_core",-1620,"Mediterranean sea",14259,0,0,0,0,0,0,0,0,0,0,0,0,0,0,0,0,0,0,0,0,0,0,0,0,0,0,0,0,0,0,0,0,0,988,0,0,988
36.543,13.092,"44","45","deep_core",-1620,"Mediterranean sea",14259,0,0,0,0,0,0,0,0,0,0,0,0,0,0,0,0,0,0,0,0,0,0,0,0,0,0,0,0,0,0,0,0,0,988,0,0,988
36.543,13.092,"50","52","deep_core",-1620,"Mediterranean sea",14259,0,0,0,0,0,0,0,0,0,0,0,0,0,0,0,0,0,0,0,0,0,0,0,0,0,0,0,0,0,0,0,0,0,988,0,0,988
36.543,13.092,"58","60","deep_core",-1620,"Mediterranean sea",14259,0,0,0,0,0,0,0,0,0,0,0,0,0,0,0,0,0,0,0,0,0,0,0,0,0,0,0,0,0,0,0,0,0,988,0,0,988
36.543,13.092,"63","64","deep_core",-1620,"Mediterranean sea",14259,0,0,0,0,0,0,0,0,0,0,0,0,0,0,0,0,0,0,0,0,0,0,0,0,0,0,0,0,0,0,0,0,0,988,0,0,988
36.543,13.092,"67","68","deep_core",-1620,"Mediterranean sea",14259,0,0,0,0,0,0,0,0,0,0,0,0,0,0,0,0,0,0,0,0,0,0,0,0,0,0,0,0,0,0,0,0,0,988,0,0,988
13.221083,-59.555147,"land","land","land",255,"Bissex Hill, Barbados",NA,0,0,0,0,0,0,7,0,0,4,4,0,0,0,0,0,0,0,0,0,0,8,0,0,0,0,0,0,0,0,0,0,0,253,4,23,276
15.217,145.767,"land","land","land",23,"Saipan Island limestone",17204,0,0,0,0,0,0,0,0,0,0,0,0,0,0,0,0,0,0,0,0,0,0,0,0,0,0,0,0,0,0,0,0,0,17,0,0,17
-77,-156.45,"","","no_info",-155,"Pacific ocean Antartic",14782,0,0,0,0,0,0,0,0,0,0,0,0,0,0,0,0,35,0,0,0,0,0,0,0,0,0,0,0,0,0,0,0,0,0,1,35,35
-68.32,31.35333,"","","no_info",-974,"Antarctic Indian Ocean",15900,0,0,0,0,0,0,0,0,0,0,0,0,0,0,0,0,72,0,0,0,0,0,0,0,0,0,0,0,0,0,0,0,0,0,1,72,72
-66.63333,-178.78333,"","","no_info",-3511,"Pacific ocean Antartic",31149,0,0,0,0,0,0,0,0,0,0,0,0,0,0,0,0,25,0,0,0,0,0,0,0,0,0,0,0,0,0,0,0,0,0,1,25,25
-64.55833,-166.5,"","","no_info",-2846,"Pacific ocean",31168,0,0,0,0,0,0,0,0,7,0,0,0,0,0,0,0,5,0,0,0,0,0,0,0,0,0,0,0,0,0,0,0,0,0,2,12,12
-64.3,94.78333,"","","no_info",-2514,"Antartic Ocean",32618,0,0,0,0,0,0,0,0,0,0,0,0,0,0,0,0,1,0,0,0,0,0,0,0,0,0,0,0,0,0,0,0,0,0,1,1,1
-61.25,-64.71389,"","","no_info",-3314,"Pacific ocean Antartic",19576,0,0,0,0,0,0,0,0,0,0,0,0,0,0,0,0,56,0,0,0,0,0,0,0,0,0,0,0,0,0,0,0,0,0,1,56,56
-53.63333,169.86667,"","","no_info",-746,"Pacific ocean",17262,0,22,0,0,0,0,0,0,0,0,0,0,0,40,0,0,55,8,0,0,0,1,0,0,0,21,0,5,16,0,0,0,0,0,8,168,168
-50.01667,123.06667,"","","no_info",-3976,"Antarctic Indian Ocean",32657,0,0,0,0,0,0,0,0,0,0,0,0,0,0,0,0,0,0,0,0,0,0,0,0,0,12,0,0,0,0,0,0,0,0,1,12,12
-46,-123,"","","no_info",-4012,"Pacific ocean",NA,0,0,0,0,0,0,0,0,0,0,0,0,0,5,0,0,0,0,0,0,0,0,0,0,0,0,0,0,0,0,0,0,0,0,1,5,5
-44,-50.26667,"","","no_info",-5430,"Atlantic ocean",18263,0,18,0,0,0,0,0,0,0,0,0,0,0,0,0,0,0,0,0,0,0,0,0,0,0,0,0,0,0,0,0,0,0,0,1,18,18
-42.65,45.66667,"top","","no_info",-2939,"Indian ocean",16146,0,0,0,0,0,0,0,0,0,0,0,0,0,0,0,0,20,0,0,0,0,0,0,0,0,0,0,0,0,0,0,0,0,0,1,20,20
-41.967,-0.25,"","","no_info",-624,"Atlantic ocean",19790,0,0,0,0,0,0,0,0,0,0,0,0,0,44,0,0,0,0,0,0,0,0,0,0,0,0,0,0,0,0,0,0,0,229,1,44,273
-40.45,49.81667,"","","no_info",-3780,"Indian ocean",38482,0,0,0,0,0,0,0,0,0,0,0,0,0,81,0,0,0,0,0,0,0,0,0,0,0,6,0,0,0,0,0,0,0,0,2,87,87
-39.76667,167.75,"","","no_info",-1137,"Pacific ocean, Tasman sea",17031,0,9,0,0,0,3,0,2,0,17,0,49,0,42,0,0,26,7,9,0,0,2,0,0,0,24,0,10,16,0,0,0,0,58,13,216,274
-39.70833,-6.05,"","","no_info",-801,"Atlantic ocean",15795,0,0,0,0,0,0,0,0,0,0,0,0,0,0,0,0,0,0,0,0,0,0,0,0,0,0,0,0,0,0,0,0,0,157,0,0,157
-37.86667,-17.6,"","","no_info",-2392,"Atlantic ocean",15674,0,0,0,0,0,0,0,0,0,0,0,0,0,0,0,0,32,0,0,0,0,0,0,0,0,0,0,0,0,0,0,0,0,0,1,32,32
-37.15,45.53333,"top","","no_info",-3663,"Indian ocean",16146,0,0,0,0,0,0,0,0,0,0,0,0,0,0,0,0,10,0,0,0,0,0,0,0,0,0,0,0,0,0,0,0,0,0,1,10,10
-33.88333,173.83333,"","","no_info",-2464,"Pacific ocean, Tasman sea",17229,0,38,0,4,0,37,0,2,0,2,0,10,0,32,0,11,15,0,15,2,15,0,0,7,0,16,0,6,18,0,0,0,0,35,16,230,265
-33.7,-78.3,"","","no_info",-3798,"Pacific ocean",34607,0,0,0,0,0,0,0,0,0,0,0,0,0,0,0,0,0,0,0,0,0,0,0,0,0,0,0,0,0,0,0,0,0,11,0,0,11
-29.93333,54.1,"","","no_info",-4211,"Indian ocean",34678,0,5,0,9,0,0,9,6,0,0,0,20,0,21,5,0,11,0,11,0,9,6,0,0,0,15,0,0,0,0,0,0,0,10,12,127,137
-28.88333,170,"","","no_info",-3021,"Pacific ocean, Tasman sea",17240,0,35,0,13,0,22,2,7,0,30,0,0,0,71,0,12,20,0,16,2,20,8,0,12,0,20,0,10,21,0,1,1,0,284,19,323,607
-28.00833,112.45833,"","","no_info",-1206,"Indian ocean near coast",36043,0,0,11,8,7,7,6,0,0,0,0,12,0,28,86,3,0,0,24,0,19,0,0,0,0,23,0,0,0,0,0,0,0,63,12,234,297
-26.93667,111.18167,"","","no_info",-3350,"Indian ocean near coast",36053,0,0,18,9,0,0,12,1,0,0,1,0,0,15,66,13,0,0,23,0,34,18,0,1,0,31,0,0,27,0,0,0,0,44,14,269,313
-24.89167,110.39167,"","","no_info",-3829,"Indian ocean near coast",36057,0,0,0,12,0,0,6,2,0,0,0,0,0,12,69,18,1,0,18,0,30,7,0,0,0,34,0,0,18,0,1,0,0,75,13,228,303
-23.23472,56.30417,"","","no_info",-4646,"Indian ocean",34676,0,0,0,12,0,0,5,3,0,0,0,1,15,15,17,5,2,0,9,0,5,0,0,0,0,14,16,0,0,0,0,0,0,17,13,119,136
-21.25,-14.03333,"","","no_info",-3740,"Atlantic ocean",34991,0,0,6,70,0,0,6,4,0,9,0,0,10,9,33,4,0,0,97,5,14,0,0,7,0,4,8,5,15,0,8,9,0,23,19,323,346
-20.95,-175.23333,"","","no_info",-124,"Pacific ocean near Tonga island",17273,1,0,0,15,0,9,0,4,0,2,0,0,0,0,0,0,0,0,13,6,10,2,0,11,0,2,3,3,13,0,5,0,0,28,15,99,127
-19.56667,64.63333,"","","no_info",-2708,"Indian ocean",34671,0,0,7,9,0,1,9,3,0,0,0,0,3,0,13,10,2,0,14,11,9,0,0,10,0,8,9,0,16,0,3,5,0,29,18,142,171
-15.65,-179.0625,"","","no_info",-2519,"Pacific ocean",34993,0,0,0,18,0,0,1,0,0,0,0,0,0,0,24,10,0,0,30,9,31,0,0,21,0,2,12,0,35,0,5,0,0,65,12,198,263
-13.17167,-175.68833,"","","no_info",-3952,"Pacific ocean",36704,0,0,0,14,1,0,3,0,0,0,0,0,0,0,17,17,0,0,23,15,21,0,0,14,0,0,13,0,26,0,3,0,0,55,12,167,222
-12.11667,64.125,"","","no_info",-3322,"Indian ocean",37190,1,0,5,15,8,0,15,3,0,0,7,0,0,0,15,11,3,0,8,0,14,3,0,0,0,0,11,0,15,0,0,0,0,24,15,134,158
-10.21472,178.01444,"","","no_info",-4844,"Pacific ocean",36361,0,0,0,17,5,6,7,0,0,0,0,0,0,0,17,18,0,0,18,6,30,0,0,6,0,2,11,0,26,0,3,0,0,63,14,172,235
-9.68333,-174.625,"","","no_info",-4057,"Pacific ocean",36515,0,0,0,13,3,2,11,0,0,0,0,0,0,0,13,0,0,0,12,0,30,0,0,0,0,0,14,0,15,0,0,0,0,24,9,113,137
-8.41667,65.63333,"","","no_info",-3694,"Indian ocean",37130,0,0,4,13,9,2,17,0,0,0,3,0,0,0,20,11,0,0,2,0,17,2,0,0,0,0,0,0,0,0,0,0,0,24,11,100,124
-7.59167,61.48333,"","","no_info",-3507,"Indian ocean",37148,0,0,3,8,13,0,10,0,0,0,10,0,0,0,19,14,6,0,5,0,21,4,0,0,0,2,11,2,18,0,0,0,0,58,15,146,204
-2.70167,67.38333,"","","no_info",-3594,"Indian ocean",37149,0,0,6,15,9,3,25,3,0,0,14,0,0,0,20,13,5,0,14,0,48,9,0,0,0,0,12,0,6,0,0,0,0,36,15,202,238
-0.7,147,"","","no_info",-2213,"Pacific ocean",33668,0,0,0,14,3,0,1,0,0,0,0,0,2,0,18,18,0,0,11,8,23,0,0,0,0,0,9,0,22,0,0,0,0,36,11,129,165
-0.027,-15.942,"","","no_info",-3226,"Atlantic ocean",34297,0,0,0,0,0,0,0,0,0,0,0,0,0,0,55,0,0,0,0,0,0,0,0,0,0,0,0,0,0,0,0,0,0,0,1,55,55
1.21333,-161.83667,"","","no_info",-4634,"Pacific ocean",36683,0,0,0,3,11,1,4,0,0,0,0,0,0,0,5,12,0,0,2,0,12,0,0,0,0,2,18,0,0,0,0,0,0,19,10,70,89
2.9,-33.158,"","","no_info",-3543,"Atlantic ocean",18564,0,0,0,0,0,0,0,0,0,0,0,0,0,0,57,0,0,0,0,0,0,0,0,0,0,0,0,0,0,0,0,0,0,0,1,57,57
4.785,118.725,"","","no_info",-15,"Darvel Bay / Pacific Ocean",17156,0,0,0,0,0,0,0,0,0,0,0,0,0,0,0,0,0,0,0,0,0,0,0,0,0,0,0,0,0,0,0,0,0,54,0,0,54
4.805,118.62,"","","no_info",-5,"Darvel Bay / Pacific Ocean",15861,0,0,0,0,0,0,0,0,0,0,0,0,0,0,0,0,0,0,0,0,0,0,0,0,0,0,0,0,0,0,0,0,0,4,0,0,4
4.85,118.585,"","","no_info",-4,"Darvel Bay / Pacific Ocean",15857,0,0,0,0,0,0,0,0,0,0,0,0,0,0,12,0,0,0,0,0,0,0,0,0,0,0,0,0,0,0,0,0,0,12,1,12,24
7.08333,73.80417,"","","no_info",-2658,"Indian ocean near coast",35238,1,0,5,8,8,0,13,3,0,0,3,0,0,0,20,7,3,0,10,9,11,9,0,6,0,0,1,0,12,0,1,0,0,38,18,130,168
7.19333,63.0425,"various levels in core","","no_info",-4346,"Indian ocean",30724,1,0,0,11,4,8,7,6,0,0,6,0,10,0,5,8,13,0,15,6,9,0,0,6,0,6,9,4,6,0,2,0,0,38,20,142,180
7.75,144.333,"","","no_info",-3063,"Pacific ocean",33712,0,0,0,0,0,0,0,0,0,0,0,0,0,0,0,0,0,0,0,0,0,0,0,0,0,0,0,0,0,0,0,0,0,13,0,0,13
18.233,-76.6,"","","no_info",-606,"Atlantic Ocean near Jamaica",16480,0,0,0,0,0,0,0,0,0,0,0,0,0,0,5,0,0,0,0,0,0,0,0,0,0,0,0,0,0,0,0,0,0,0,1,5,5
18.63333,69.16667,"","","no_info",-3261,"Indian ocean",37299,0,0,0,0,0,0,0,0,0,0,0,0,0,0,0,13,0,0,0,0,0,0,0,0,0,0,0,0,7,0,0,0,0,2,2,20,22
20.44222,68.84028,"","","no_info",-2680,"Indian ocean/Arabian sea",35818,1,13,0,6,1,0,1,0,0,5,0,0,0,0,15,10,0,0,0,0,20,0,0,0,0,0,0,0,0,0,0,0,0,23,9,72,95
23.16667,-82.33333,"","","no_info",-136,"Atlantic ocean near coast; Mexico Gulf",NA,0,0,0,0,0,0,0,0,0,0,0,0,0,0,0,0,0,0,0,0,0,0,0,0,0,0,0,0,0,0,0,0,0,3,0,0,3
24.33333,-24.46667,"","","no_info",-5153,"Atlantic ocean",33286,0,0,0,0,0,6,0,0,0,0,0,0,10,0,49,0,0,0,0,0,0,0,0,0,0,0,0,0,0,0,0,0,0,0,3,65,65
25.75,-20.23333,"","","no_info",-3233,"Atlantic ocean",33173,0,0,0,0,0,0,0,0,0,0,0,0,0,0,0,0,0,0,0,0,0,0,0,0,0,0,0,0,0,0,0,0,0,29,0,0,29
25.86667,-19.36667,"","","no_info",-3668,"Atlantic ocean",33061,0,0,0,0,0,0,0,0,0,0,0,0,0,0,0,0,0,0,0,0,0,0,0,0,0,0,0,0,0,0,0,0,0,81,0,0,81
28.05417,-17.45,"","","no_info",-2167,"Atlantic ocean",32864,0,0,0,0,0,0,0,0,0,0,0,0,0,0,0,0,0,0,0,0,0,0,0,0,0,0,0,0,0,0,0,0,0,52,0,0,52
28.5,-77.51667,"","","no_info",-1134,"Atlantic ocean near coast",18031,0,9,0,10,0,0,0,0,0,8,0,0,0,0,0,0,0,0,0,0,25,0,0,0,0,18,0,0,0,0,11,3,0,373,7,84,457
30.9,-78.683,"","","no_info",-821,"Atlantic ocean near coast",16621,0,0,0,0,0,0,0,0,0,0,0,0,0,0,0,0,0,0,0,0,0,0,0,0,0,47,0,0,0,0,0,0,0,0,1,47,47
32.6,-117.38167,"","","no_info",-210,"Pacific ocean near coast",NA,0,0,0,0,0,0,0,0,0,0,3,0,0,0,0,0,0,0,0,0,0,0,0,0,0,0,0,0,0,0,0,0,0,0,1,3,3
33.216667,-18.216667,"","","no_info",-3194,"Atlantic ocean",31684,0,0,0,0,0,0,0,0,0,0,0,0,0,0,0,0,0,0,0,0,0,0,0,0,0,0,0,0,0,0,0,0,0,94,0,0,94
33.45556,-118.31667,"","","no_info",-845,"Pacific ocean near coast",16381,0,0,0,0,0,0,0,0,0,0,0,0,0,0,0,0,0,0,0,0,0,0,0,0,0,0,0,0,0,0,0,0,0,1,0,0,1
38.86667,10.58333,"","","no_info",-2643,"Mediterranean sea",15976,0,0,0,0,0,0,0,0,0,0,0,0,0,3,0,0,13,0,0,0,0,0,0,0,0,0,0,0,0,0,0,0,0,3,2,16,19
39.208,-70.242,"","","no_info",-2731,"Atlantic ocean",31945,0,0,0,0,0,0,0,0,0,0,0,0,0,66,0,0,15,0,0,0,0,0,0,0,0,0,0,0,0,0,0,0,0,0,2,81,81
51.78333,166.43333,"","","no_info",-3359,"Pacific ocean",38352,0,0,0,0,0,0,0,0,0,0,0,0,0,0,0,0,40,0,0,0,0,0,0,0,0,0,0,0,0,0,0,0,0,0,1,40,40
56.683,-18.775,"","","no_info",-1306,"Atlantic ocean near Arctic",12776,0,0,0,0,0,0,0,0,0,0,0,0,0,0,0,0,20,0,0,0,0,0,0,0,0,0,0,0,0,0,0,0,0,0,1,20,20
60.03333,-50.83333,"","","no_info",-3203,"Atlantic ocean Arctic",15728,0,0,0,0,0,0,0,0,0,0,0,0,0,0,0,0,12,0,0,0,0,0,0,0,0,0,0,0,0,0,0,0,0,0,1,12,12
60.48528,-16.16889,"","","no_info",-2419,"Atlantic ocean",31428,0,40,0,0,0,0,0,0,0,0,0,0,0,14,0,0,14,0,0,0,0,0,0,0,0,0,0,0,0,0,0,0,0,0,3,68,68
62.35,-27.61667,"","","no_info",-1472,"Atlantic ocean Artic",15729,0,0,0,0,0,0,0,0,0,0,0,0,0,0,0,0,77,12,0,0,0,0,0,0,0,0,0,0,0,0,0,0,0,0,2,89,89
68.48333,2.88333,"","","no_info",-2769,"Atlantic ocean Artic",12985,0,0,0,0,0,0,0,0,0,0,0,0,0,0,0,0,41,0,0,0,0,0,0,0,0,0,0,0,0,0,0,0,0,0,1,41,41
70.36667,1.1,"","","no_info",-3220,"Artic Atlantic ocean",13652,0,0,0,0,0,0,0,0,0,0,0,0,0,0,0,0,0,12,0,0,0,0,0,0,0,0,0,0,0,0,0,0,0,0,1,12,12
73.16667,-2.23333,"","","no_info",-2442,"Atlantic ocean Artic",38887,0,0,0,0,0,0,0,0,0,0,0,0,0,0,0,0,11,0,0,0,0,0,0,0,0,0,0,0,0,0,0,0,0,0,1,11,11
77.075,-159.83667,"","","no_info",-2056,"Artic Ocean",16486,0,0,0,0,0,0,0,0,0,0,0,0,0,0,0,0,334,0,0,0,0,0,0,0,0,0,0,0,0,0,0,0,0,0,1,334,334
77.69167,-164.35833,"","","no_info",-287,"Artic Ocean",16489,0,0,0,0,0,0,0,0,0,0,0,0,0,0,0,0,137,0,0,0,0,0,0,0,0,0,0,0,0,0,0,0,0,0,1,137,137
77.96667,5.16667,"","","no_info",-2468,"Artic Atlantic ocean",14452,0,0,0,0,0,0,0,0,0,0,0,0,0,0,0,0,0,10,0,0,0,0,0,0,0,0,0,0,0,0,0,0,0,0,1,10,10
85.25,-167.9,"","","no_info",-1774,"Artic Ocean",14609,0,0,0,0,0,0,0,0,0,0,0,0,0,0,0,0,90,0,0,0,0,0,0,0,0,0,0,0,0,0,0,0,0,0,1,90,90
-48.475,-113.28333,"0","8","top_core",-2677,"Pacific Ocean",16648,0,20,0,0,0,0,0,2,0,0,0,0,0,24,0,0,33,14,0,0,0,8,0,0,0,20,0,0,13,2,0,0,0,0,9,136,136
-46.75,-123,"6","11","top_core",-4030,"Pacific Ocean",16647,0,34,0,0,0,0,0,0,0,0,0,0,0,13,0,0,0,0,0,0,0,0,0,0,0,53,0,0,0,0,0,0,0,0,3,100,100
-43.8,-108.15,"0","2","top_core",-3132,"Pacific Ocean",16367,0,0,0,0,0,0,0,0,0,19,0,0,0,0,0,0,0,0,0,0,0,0,0,0,0,0,0,0,0,8,0,0,0,0,2,27,27
-43.71667,-107.6,"3","7","top_core",-3141,"Pacific Ocean",16649,0,0,0,0,0,0,0,0,0,5,4,0,0,7,0,0,0,0,0,0,0,0,0,0,0,13,0,0,0,0,0,0,0,2,4,29,31
-41.967,-0.25,"Top of the core","0","top_core",-624,"Atlantic ocean",19790,0,0,0,0,0,0,0,0,0,0,0,0,0,44,0,0,0,0,0,0,0,0,0,0,0,0,0,0,0,0,0,0,0,229,1,44,273
-27.15,-109.83333,"10","14","top_core",-2819,"Pacific ocean",16652,0,0,0,20,0,17,0,4,0,3,3,0,6,0,0,0,0,5,12,10,13,0,0,15,0,8,1,0,13,5,10,0,0,8,16,145,153
-26.31667,-147.11667,"3","7","top_core",-2312,"Pacific Ocean",16646,0,0,0,10,0,12,11,0,0,0,0,0,0,6,0,0,0,0,24,0,15,0,0,0,0,4,0,0,0,0,3,0,0,12,8,85,97
-24.7,73.083,"2","6","top_core",-4413,"Indian ocean",18487,0,0,0,0,0,0,0,0,0,0,0,0,0,0,0,0,0,0,0,0,0,0,0,0,0,0,0,0,0,0,0,0,0,68,0,0,68
-23.60833,-118.225,"7","11","top_core",-3362,"Pacific ocean",16656,1,14,0,18,5,36,2,7,0,0,3,0,17,0,0,0,0,0,11,4,15,16,0,19,0,9,0,0,7,0,15,5,0,21,18,204,225
-19.475,-173.73333,"0","3","top_core",-4347,"Pacific ocean",16365,0,0,0,14,0,8,4,0,0,0,0,0,0,0,0,0,0,0,18,0,15,8,0,6,0,0,0,7,0,0,5,0,0,12,9,85,97
-18.35,62.06667,"5","8","top_core",-3407,"Indian ocean",18483,0,0,6,18,0,62,19,1,0,11,2,0,12,2,23,27,3,0,18,6,0,2,0,0,0,0,13,15,8,0,1,0,1,165,20,250,415
-18.33333,-79.34167,"8","12","top_core",-3157,"Pacific ocean",16650,0,15,0,2,7,5,4,0,0,0,7,12,0,13,0,4,0,0,6,0,14,7,0,0,0,0,0,0,0,8,0,0,0,27,13,104,131
-16.41667,66.03333,"4","9","top_core",-2810,"Indian ocean",16657,0,0,0,9,7,0,7,0,0,0,4,0,16,0,16,6,0,0,9,13,15,4,0,9,0,7,4,0,19,0,4,0,0,22,16,149,171
-15.925,-117.23,"0","1","top_core",-3225,"Pacific ocean",16366,0,0,0,0,0,0,0,0,0,0,0,0,0,0,0,0,0,0,0,0,0,0,0,0,0,0,0,0,0,0,0,0,0,7,0,0,7
-15.21833,-117.50667,"1","4","top_core",-3641,"Pacific ocean",16642,0,0,0,6,7,4,0,0,0,0,0,0,9,0,0,6,0,0,4,0,11,0,0,0,0,0,9,0,9,0,0,0,0,12,9,65,77
-14.73333,-112.1,"12","15","top_core",-3034,"Pacific ocean",16653,0,0,10,7,8,2,5,0,0,0,11,0,15,0,16,8,0,0,18,16,17,20,0,6,0,0,0,0,17,0,0,0,0,34,15,176,210
-14.27333,-120.68,"4","8","top_core",-3617,"Pacific ocean",16641,0,0,9,5,10,0,0,3,0,0,3,0,15,0,0,8,0,0,8,14,16,3,0,8,0,0,0,0,7,8,0,0,0,22,14,117,139
-13.09167,-124.28,"4","8","top_core",-3456,"Pacific ocean",16640,0,0,0,5,7,0,0,0,0,0,0,0,0,0,7,10,0,0,8,0,14,0,0,0,0,0,13,0,0,0,0,0,0,19,7,64,83
-11.7,-109.71667,"0","3","top_core",-3296,"Pacific ocean",16370,0,0,9,0,2,0,0,0,0,0,0,0,0,0,0,1,0,0,0,0,0,0,0,0,0,0,0,0,0,0,0,0,0,0,3,12,12
-9.88333,-110.68333,"5","9","top_core",-2712,"Pacific ocean",16654,0,0,3,4,6,0,4,0,0,0,6,0,7,0,8,6,0,0,2,8,17,0,0,5,0,0,6,6,11,0,0,0,0,10,15,99,109
-9.75,-34.4,"5","6","top_core",-4123,"Atlantic ocean near Brazil",17359,0,14,0,35,0,0,7,5,0,0,0,16,0,0,77,7,0,0,33,18,47,0,0,11,0,17,13,5,19,0,35,0,0,275,16,359,634
1.16667,-9.83333,"9.5","10","top_core",-4809,"Atlantic ocean",NA,0,0,0,0,0,0,0,0,0,0,0,0,0,0,0,1,0,0,0,0,0,0,0,0,0,0,0,0,0,0,0,0,0,0,1,1,1
5.43333,-131.31667,"7","10","top_core",-3415,"Pacific ocean",16645,0,0,2,10,6,8,8,0,0,0,5,0,0,0,14,11,0,0,15,0,0,1,0,0,0,4,17,3,0,0,0,0,0,41,13,104,145
6.9,-131,"3","10","top_core",-4391,"Pacific ocean",16969,0,0,0,0,0,0,0,0,0,0,0,0,0,0,0,0,0,0,0,0,0,0,0,0,0,0,0,0,0,0,0,0,0,164,0,0,164
6.91667,66.93333,"Top of the core","0","top_core",-3716,"Indian ocean",12718,0,0,0,0,1,0,0,0,0,0,0,0,0,0,0,0,0,0,0,0,0,0,0,0,0,0,0,0,0,0,0,0,0,0,1,1,1
7.19333,63.0425,"0","3.5","top_core",-4346,"Indian ocean",30724,1,0,0,11,4,8,7,6,0,0,6,0,10,0,5,8,13,0,15,6,9,0,0,6,0,6,9,4,6,0,2,0,0,38,20,142,180
10.3,162.1,"10","10","top_core",-1588,"Pacific ocean",16479,0,0,0,0,0,0,0,0,0,0,0,0,0,0,0,0,0,0,0,0,0,0,0,0,0,0,0,0,0,0,0,0,0,2,0,0,2
16.6,-74.8,"9","9","top_core",-3055,"Caribbean Sea",18649,0,0,0,0,0,0,0,0,0,0,0,0,0,0,0,0,0,0,0,0,0,0,0,0,0,0,0,0,0,0,0,0,0,34,0,0,34
28.4,-77.93333,"2","2","top_core",-1004,"Atlantic ocean near coast",17162,0,0,0,10,0,0,2,0,0,0,0,9,0,24,17,8,0,0,34,0,26,0,0,0,0,21,0,0,0,0,2,0,0,94,10,153,247
32.15,-64.81667,"0","4","top_core",-3141,"Bermuda/Atlantic",18676,0,0,0,0,0,0,0,0,0,0,0,0,0,0,0,0,0,0,0,0,0,0,0,0,0,0,0,0,0,0,0,0,0,40,0,0,40
35.68333,-4.08333,"Top Section","0","top_core",-1500,"Mediterranean sea",NA,0,152,0,0,0,0,0,0,0,0,0,0,0,121,0,0,173,0,123,0,41,0,0,0,0,0,0,35,0,0,0,0,0,369,6,645,1014
36.543,13.092,"0","1","top_core",-1620,"Mediterranean sea",14259,0,0,0,0,0,0,0,0,0,0,0,0,0,0,0,0,0,0,0,0,0,0,0,0,0,0,0,0,0,0,0,0,0,988,0,0,988
51.51667,-144.65,"7","10","top_core",-4054,"Pacific Ocean",16658,0,20,0,0,0,0,0,0,0,0,0,0,0,0,0,0,16,0,0,0,0,0,0,0,0,0,0,0,0,0,0,0,0,0,2,36,36
85.25,-167.9,"0","1","top_core",-1774,"Artic Ocean",14609,0,0,0,0,0,0,0,0,0,0,0,0,0,0,0,0,90,0,0,0,0,0,0,0,0,0,0,0,0,0,0,0,0,0,1,90,90
-70.04,-115.08333,"tow","tow","tow",-3715,"Antarctic Pacific Ocean",18727,0,0,0,0,0,0,0,0,0,0,0,0,0,0,0,0,43,0,0,0,0,0,0,0,0,0,0,0,0,0,0,0,0,0,1,43,43
-66.87667,-115.52,"tow","tow","tow",-4721,"Antarctic Pacific Ocean",18726,0,0,0,0,0,0,0,0,0,0,0,0,0,0,0,0,73,0,0,0,0,0,0,0,0,0,0,0,0,0,0,0,0,0,1,73,73
-65.85667,-115.06667,"tow","tow","tow",-4825,"Antarctic Pacific Ocean",18725,0,0,0,0,0,0,0,0,0,0,0,0,0,0,0,0,16,0,0,0,0,0,0,0,0,0,0,0,0,0,0,0,0,0,1,16,16
-62.96167,-115.27833,"tow","tow","tow",-5129,"Pacific ocean",18724,0,0,0,0,0,0,0,0,0,0,0,0,0,0,0,0,49,0,0,0,0,0,0,0,0,0,0,0,0,0,0,0,0,0,1,49,49
-60.233,-94.817,"tow","tow","tow",-4535,"Atlantic ocean",30494,0,0,0,0,0,0,0,0,0,0,0,0,0,0,0,0,0,0,0,0,0,0,0,0,0,0,0,0,0,0,0,0,6,0,1,6,6
-49.18333,-53.61667,"tow","tow","tow",-2126,"Atlantic ocean",18330,0,0,0,0,0,0,0,0,0,0,0,0,0,0,0,0,47,0,0,0,0,0,0,0,0,0,0,0,0,0,0,0,0,0,1,47,47
-47.5,-52.71667,"tow","tow","tow",-6077,"Atlantic ocean",18264,0,0,0,0,0,0,0,0,0,0,0,0,0,25,0,0,0,0,0,0,0,0,0,0,0,0,0,0,0,0,0,0,0,0,1,25,25
-44.23333,-50.23333,"tow","tow","tow",-5476,"Atlantic ocean",18265,0,0,0,0,0,0,0,0,0,0,0,0,0,0,0,0,0,0,0,0,0,0,0,0,0,40,0,0,0,0,0,0,0,0,1,40,40
-42.5,-147.95,"tow","tow","tow",-5376,"Pacific ocean",NA,0,5,0,0,0,0,0,0,0,12,0,0,0,4,0,0,3,0,0,0,0,0,0,0,0,7,0,0,0,0,0,0,0,6,5,31,37
-42,-49.71667,"tow","tow","tow",-5094,"Atlantic ocean",18573,0,34,0,0,0,0,0,0,0,0,0,0,0,52,0,0,0,0,0,0,0,0,0,0,0,44,0,0,0,0,0,0,0,0,3,130,130
-40.5,-48.18333,"tow","tow","tow",-5324,"Atlantic ocean",18267,0,0,0,0,0,0,0,0,0,0,0,0,0,0,0,0,0,0,0,0,0,8,0,0,0,0,0,0,0,0,0,0,0,0,1,8,8
-40,-144.73333,"tow","tow","tow",-5367,"Pacific ocean",NA,0,0,0,0,0,0,0,0,0,0,0,0,0,0,0,0,0,0,0,0,0,0,0,0,0,33,0,0,0,0,0,0,0,4,1,33,37
-40,-144.76667,"tow","tow","tow",-5376,"Pacific ocean",NA,0,13,0,0,0,0,0,0,0,0,0,0,0,56,0,0,0,0,0,0,0,0,0,0,0,0,0,0,0,0,0,0,0,0,2,69,69
-37.5,-45.33333,"tow","tow","tow",-5120,"Atlantic ocean",18268,0,0,0,0,0,0,0,0,0,0,0,3,0,0,0,0,0,0,0,0,0,0,0,0,0,0,0,0,0,0,0,0,0,0,1,3,3
-31.15,-43,"tow","tow","tow",-3846,"Atlantic ocean",18266,0,0,0,0,0,0,0,0,0,0,0,0,0,0,0,0,0,0,0,0,0,0,0,0,0,0,0,0,17,0,0,0,0,0,1,17,17
-30.7,114.68333,"tow","tow","tow",-210,"Indian ocean near coast",18604,0,0,1,2,0,0,0,0,0,0,0,0,0,1,31,3,0,0,7,0,4,0,0,0,0,5,0,0,1,0,0,2,0,12,10,57,69
-30.51667,-43,"tow","tow","tow",-3889,"Atlantic ocean",18271,0,0,0,0,0,0,0,0,0,0,0,0,0,0,0,0,0,0,0,0,1,0,0,0,0,0,0,0,0,0,0,0,0,0,1,1,1
-30.5,114.63333,"tow","tow","tow",-298,"Indian ocean near coast",18620,0,0,2,0,0,0,0,0,0,0,0,0,0,1,7,1,0,0,2,0,0,0,0,0,0,5,0,0,0,0,0,0,0,4,6,18,22
-30.43333,114.61667,"tow","tow","tow",-270,"Indian ocean near coast",18603,0,2,0,0,0,0,0,0,0,0,0,0,0,0,4,0,0,0,3,0,0,0,0,0,0,0,0,0,0,0,0,0,0,6,3,9,15
-28.933333,113.1,"tow","tow","tow",-2746,"Indian ocean",18602,0,0,0,0,0,0,0,0,0,0,0,0,0,1,27,1,0,0,5,0,2,0,0,0,0,7,0,0,0,0,0,0,0,34,6,43,77
-28.38333,112.98333,"tow","tow","tow",-866,"Indian ocean near coast",18618,0,0,0,0,0,0,0,0,0,0,0,0,0,0,14,0,0,0,0,0,0,0,0,0,0,0,0,0,0,0,0,0,0,13,1,14,27
-28.36667,112.98333,"tow","tow","tow",-866,"Indian ocean near coast",18601,0,0,0,0,0,0,0,0,0,0,0,0,0,0,9,0,0,0,0,0,0,0,0,0,0,2,0,0,0,0,0,0,0,5,2,11,16
-28.21667,113.28333,"tow","tow","tow",-431,"Indian ocean near coast",18600,0,0,0,0,0,0,0,0,0,0,0,0,0,0,43,0,0,0,0,0,1,0,0,0,0,9,0,0,0,0,0,0,0,4,3,53,57
-28.18333,-43.56667,"tow","tow","tow",-3537,"Atlantic ocean",18269,0,0,0,0,0,0,0,0,0,0,0,0,0,0,13,0,0,0,27,0,0,0,0,0,0,0,0,2,0,0,0,0,0,23,3,42,65
-28.18333,-44.28333,"tow","tow","tow",-3523,"Atlantic ocean",18270,0,0,0,0,0,0,0,0,0,0,0,0,0,0,0,0,0,0,0,0,41,0,0,0,0,0,0,0,0,0,0,0,0,0,1,41,41
-28.18333,-43,"tow","tow","tow",-3012,"Atlantic ocean",18329,0,0,0,0,0,0,0,0,0,0,0,0,0,0,0,0,0,0,31,0,0,0,0,0,0,0,0,0,0,0,0,0,0,0,1,31,31
-26.91667,111.56667,"tow","tow","tow",-2096,"Indian ocean near coast",18599,0,0,1,3,0,0,0,0,0,0,0,0,0,2,24,3,0,0,3,0,3,0,0,0,0,10,0,0,2,0,0,0,0,15,9,51,66
-26.08333,111.6,"tow","tow","tow",-1056,"Indian ocean",18598,0,0,0,0,0,0,0,0,0,0,0,0,0,0,5,2,0,0,1,0,4,0,0,0,0,0,1,0,1,0,0,0,0,2,6,14,16
-26.08333,111.56667,"tow","tow","tow",-1155,"Indian ocean near coast",18615,0,0,0,0,0,0,0,0,0,0,0,0,0,0,10,2,0,0,1,0,1,0,0,0,0,0,0,0,0,0,0,0,0,2,4,14,16
-24.55,112.51667,"tow","tow","tow",-114,"Indian ocean near coast",18614,0,0,0,0,0,0,0,0,0,0,0,0,0,0,10,0,0,0,0,0,2,0,0,0,0,3,0,0,0,0,0,0,0,3,3,15,18
-24.5,112.51667,"tow","tow","tow",-114,"Indian ocean near coast",18597,0,2,0,1,0,1,0,0,0,0,0,0,0,0,10,1,0,0,8,0,2,0,0,0,0,8,0,0,0,0,0,2,0,15,9,35,50
-23.95,113.1,"tow","tow","tow",-98,"Indian ocean near coast",18619,0,0,3,0,0,0,0,0,0,0,0,0,0,2,10,0,0,0,1,0,2,0,0,0,0,9,0,0,1,0,0,0,0,6,7,28,34
-22.35,112.43333,"tow","tow","tow",-3340,"Indian ocean",18613,0,0,0,0,0,0,0,0,0,0,0,0,0,0,0,0,0,0,0,0,0,0,0,0,0,0,0,0,0,0,0,0,0,1,0,0,1
-18.38333,113.36667,"tow","tow","tow",-1590,"Indian ocean",18595,0,0,0,2,0,0,0,0,0,0,0,0,0,0,9,5,0,0,1,0,6,0,0,0,0,0,2,7,0,0,0,3,0,4,8,35,39
-18.38333,113.38333,"tow","tow","tow",-1590,"Indian ocean",18612,0,0,1,0,0,0,0,0,0,0,0,0,0,0,34,4,0,0,3,0,6,0,0,0,0,0,0,4,0,0,0,1,0,7,7,53,60
-16.65,113.05,"tow","tow","tow",-2506,"Indian ocean",18611,0,0,2,2,0,0,0,0,0,0,0,0,0,0,0,6,0,0,13,0,25,0,0,0,0,0,20,0,0,0,0,0,0,7,6,68,75
-16.63333,113.05,"tow","tow","tow",-2506,"Indian ocean",18594,0,0,0,0,0,0,0,0,0,0,0,0,0,0,17,8,0,0,9,0,15,0,0,0,0,0,0,8,0,0,0,0,0,16,5,57,73
-14.98333,-85.05,"tow","tow","tow",-4865,"Pacific ocean",16377,0,0,0,0,0,0,0,0,0,0,5,0,0,0,0,0,0,0,0,0,0,0,0,0,0,0,0,0,0,0,0,0,0,0,1,5,5
-14.83333,79.93333,"tow","tow","tow",-4968,"Indian ocean",18718,0,0,0,4,0,0,0,0,0,0,0,0,0,0,5,13,0,0,0,0,20,0,0,0,0,0,0,3,0,0,0,0,0,5,5,45,50
-13.53333,114.01667,"tow","tow","tow",-5222,"Indian ocean",18610,0,0,0,0,0,0,0,0,0,0,0,0,0,0,9,0,0,0,0,0,0,0,0,0,0,0,0,0,0,0,0,0,0,0,1,9,9
-13.51667,114,"tow","tow","tow",-5228,"Indian ocean",18593,0,0,0,0,0,0,0,0,0,0,0,0,0,0,19,0,0,0,0,0,0,0,0,0,0,0,0,0,0,0,0,1,0,4,2,20,24
-8.61667,79.56667,"tow","tow","tow",-5228,"Indian ocean",18719,5,0,0,0,0,0,0,0,0,0,0,0,0,0,39,4,0,0,1,0,63,0,0,0,0,0,1,5,0,0,0,0,0,21,7,118,139
-7.73333,115.61667,"tow","tow","tow",-1335,"Java sea",18592,0,0,0,0,0,0,0,0,0,0,0,0,0,0,40,4,0,0,5,0,6,0,0,0,0,0,0,0,0,0,0,1,0,19,5,56,75
-7.6,5.41667,"tow","tow","tow",-5067,"Atlantic ocean",18575,0,0,0,0,0,0,0,0,0,0,0,0,0,0,4,0,0,0,0,0,0,0,0,0,0,0,5,0,0,0,0,0,0,0,2,9,9
-6.73333,114.41667,"tow","tow","tow",-77,"Java Sea",18608,0,1,0,0,0,0,0,0,0,0,0,0,0,0,19,0,0,0,0,0,3,0,0,0,0,0,0,0,0,0,0,0,0,0,3,23,23
-6.71667,114.43333,"tow","tow","tow",-77,"Java Sea",18591,0,0,0,0,0,0,0,0,0,0,0,0,0,0,23,0,0,0,5,0,6,0,0,0,0,0,0,0,0,0,0,0,0,0,3,34,34
-6.38333,112.56667,"tow","tow","tow",-30,"Java Sea",18607,0,2,5,1,0,0,0,0,0,0,0,0,0,0,0,1,0,0,27,0,9,0,0,0,0,0,0,0,1,0,0,0,0,13,7,46,59
-4.341667,56.283333,"tow","tow","tow",-34,"Pacific ocean/Seychelles",19259,0,0,0,0,0,0,0,0,0,0,0,0,0,0,0,0,0,0,0,0,0,0,0,0,0,0,0,0,0,0,0,0,0,45,0,0,45
0.5,-4.11667,"tow","tow","tow",-5122,"Atlantic ocean",18568,0,0,0,0,0,0,0,0,0,0,0,0,0,0,0,0,0,0,32,0,0,0,0,0,0,0,0,0,0,0,0,0,0,0,1,32,32
0.96667,-4.06667,"tow","tow","tow",-5111,"Atlantic ocean",18569,0,0,0,0,0,0,0,0,0,0,0,0,0,0,44,0,0,0,0,0,0,0,0,0,0,0,0,0,0,0,0,0,0,0,1,44,44
4.3,80.13333,"tow","tow","tow",-4379,"Indian ocean near coast",18720,2,0,1,0,0,0,0,0,0,0,0,0,0,0,16,1,0,0,3,0,2,0,0,0,0,0,0,1,0,0,0,0,0,19,7,26,45
4.483333,-3.983333,"tow","tow","tow",-2800,"Atlantic ocean near coast",18567,0,0,0,0,0,0,0,0,0,0,0,0,0,0,0,0,0,0,0,0,0,0,0,0,47,0,0,0,0,0,0,0,0,0,1,47,47
5.067,90.36667,"tow","tow","tow",-3295,"Indian ocean",18588,0,0,0,0,0,0,0,0,0,0,0,0,0,0,0,5,0,0,10,0,14,0,0,0,0,0,0,0,0,0,0,0,0,14,3,29,43
5.11667,92.75,"tow","tow","tow",-4406,"Indian ocean",18589,0,0,7,0,0,0,0,0,0,0,0,0,0,0,0,6,0,0,13,0,7,0,0,0,0,0,0,0,0,0,0,0,0,17,4,33,50
5.18333,88.11667,"tow","tow","tow",-3936,"Indian ocean",18587,0,0,0,0,0,0,0,0,0,0,0,0,0,0,0,4,0,0,17,2,16,0,0,0,0,0,0,0,0,0,0,0,0,17,4,39,56
5.43333,85.61667,"tow","tow","tow",-4025,"Indian ocean",18586,0,0,0,1,1,0,0,0,0,0,0,0,0,0,4,3,0,0,6,0,10,0,0,0,0,0,0,0,0,0,0,0,0,11,6,25,36
5.566667,83.633333,"tow","tow","tow",-4052,"Indian ocean",18585,0,0,0,1,0,0,0,0,0,0,0,0,0,0,3,4,0,0,5,0,9,0,0,0,0,0,0,0,0,0,0,0,0,13,5,22,35
5.91667,80.13333,"tow","tow","tow",-70,"Indian ocean near coast",18584,0,0,6,1,0,0,0,0,0,0,0,0,0,0,0,3,0,0,7,0,6,0,0,0,0,0,0,0,1,0,0,0,0,7,6,24,31
5.91667,80.11667,"tow","tow","tow",-70,"Indian ocean near coast",18583,0,0,0,0,0,0,0,0,0,0,0,0,0,0,1,4,0,0,9,0,6,0,0,0,0,0,0,0,0,0,0,0,0,7,4,20,27
6.86667,77.71667,"tow","tow","tow",-2284,"Indian ocean near coast",18582,0,15,0,1,0,0,0,0,0,0,0,0,0,0,1,11,0,0,22,0,25,0,0,0,0,0,0,0,0,0,0,0,0,37,6,75,112
7.516667,96.183333,"tow","tow","tow",-806,"Indian ocean/Andaman sea",18716,0,0,0,0,0,0,0,0,0,0,0,0,0,0,0,0,0,0,0,0,0,0,0,0,0,0,0,0,0,0,0,0,0,16,0,0,16
8.18333,75.21667,"tow","tow","tow",-2472,"Indian ocean",18581,0,10,0,0,0,0,0,0,0,0,0,0,0,0,8,9,0,0,14,0,35,0,0,0,0,0,0,0,0,0,0,0,0,56,5,76,132
9.55,-48.26667,"tow","tow","tow",-4756,"Atlantic ocean",18574,0,0,0,0,0,0,0,0,0,0,0,0,0,0,0,0,0,0,47,0,0,0,0,0,0,0,0,0,0,0,0,0,0,0,1,47,47
10.483,-17.483,"tow","tow","tow",-621,"Indian ocean near coast",18570,0,0,0,0,0,0,0,0,0,0,0,0,0,0,0,0,0,0,0,0,0,0,0,0,0,0,0,0,0,0,0,0,0,14,0,0,14
12.31667,73.21667,"tow","tow","tow",-2236,"Indian ocean",18580,0,0,0,2,0,0,0,0,0,0,0,0,0,0,0,13,0,0,49,0,92,0,0,0,0,0,0,0,0,0,0,0,0,44,4,156,200
13.13333,86.2,"tow","tow","tow",-3151,"Indian ocean, Bay of Bengal",18717,0,0,0,0,0,0,0,0,0,0,4,1,0,0,10,0,0,0,0,0,23,0,0,0,0,0,0,0,0,0,0,0,0,41,4,38,79
13.59667,70.83333,"tow","tow","tow",-2809,"Indian ocean",NA,0,0,0,0,0,0,0,0,0,0,0,0,0,0,0,0,0,0,0,0,0,0,0,0,0,0,0,6,0,0,0,0,0,14,1,6,20
13.93,70.833,"tow","tow","tow",-2503,"Indian ocean/Arabian sea",NA,0,0,0,0,0,0,0,0,0,0,0,0,0,0,0,0,0,0,0,0,0,0,0,0,0,0,0,0,0,0,0,0,0,9,0,0,9
14.30833,72.73667,"tow","tow","tow",-2016,"Indian ocean near coast",NA,0,0,0,0,0,0,0,0,0,0,0,0,0,0,7,0,0,0,0,0,0,0,0,0,0,0,0,0,0,0,0,0,0,0,1,7,7
16.90333,69.73333,"tow","tow","tow",-3622,"Indian ocean",NA,0,7,0,0,0,0,0,0,0,0,0,0,0,0,0,0,0,0,0,0,0,0,0,0,0,0,0,0,0,0,0,0,0,0,1,7,7
17.3,72.13333,"tow","tow","tow",-123,"Indian ocean near coast",18579,0,0,0,3,0,0,0,0,0,0,0,0,0,0,0,1,0,0,1,0,3,0,0,2,0,0,0,0,0,0,0,0,0,15,5,10,25
23.15,62.88333,"tow","tow","tow",-2775,"Indian ocean near coast",NA,0,0,0,0,0,0,0,0,0,0,0,0,0,0,0,0,0,0,4,0,0,0,0,0,0,0,0,0,0,0,0,0,0,0,1,4,4
34.75,-157.66667,"tow","tow","tow",-5962,"Pacific ocean",16374,0,0,0,0,0,0,0,0,0,0,0,0,0,1,0,0,0,0,0,0,0,0,0,0,0,0,0,0,0,0,0,0,0,0,1,1,1
35.66667,-160.71667,"tow","tow","tow",-5923,"Pacific ocean",16375,0,0,0,0,0,0,0,0,0,0,0,0,0,0,0,0,0,0,0,0,0,0,0,0,0,0,0,0,0,0,0,0,0,0,0,0,0
36.58333,-163.76667,"tow","tow","tow",-5450,"Pacific ocean",16376,0,0,0,0,0,0,0,0,0,0,0,0,0,4,0,0,0,0,0,0,0,0,0,0,0,0,0,0,0,0,0,0,0,0,1,4,4
40.1,-71.05,"tow","tow","tow",-157,"Atlantic ocean near coast",NA,0,0,0,0,0,0,0,0,0,0,0,0,0,0,0,0,0,0,0,0,0,0,0,0,0,0,0,0,0,0,0,0,0,10,0,0,10
45.1,-170.13333,"tow","tow","tow",-6359,"Pacific ocean",16373,0,0,0,0,0,0,0,0,0,0,0,0,0,0,0,0,5,0,0,0,0,0,0,0,0,0,0,0,0,0,0,0,0,0,1,5,5
52.48333,-176.15,"tow","tow","tow",-3388,"Pacific ocean Artic",16372,0,0,0,0,0,0,0,0,0,0,0,0,0,0,0,0,5,0,0,0,0,0,0,0,0,0,0,0,0,0,0,0,0,0,1,5,5
53.25,-161.91667,"tow","tow","tow",-6659,"Pacific ocean Artic",16371,0,0,0,0,0,0,0,0,0,0,0,0,0,0,0,0,5,0,0,0,0,0,0,0,0,0,0,0,0,0,0,0,0,0,1,5,5
